"","OTU","VB0889_004","VB0889_006","VB0889_015","VB0889_016","VB0889_017","VB0889_018","VB0889_025","VB0889_028","VB0889_030","VB0889_038","VB0889_042","VB0889_049","VB0889_050","VB0889_051","VB0889_052","VB0889_073","VB0889_074","VB0889_075","VB0889_076","VB0889_077","VB0889_078","VB0889_085","VB0889_086","VB0889_090"
"1","Fungi_Ascomycota_Leotiomycetes_Thelebolales_Pseudeurotiaceae_Pseudeurotium_Pseudeurotium_hygrophilum_cf005d300eaf8f03577c045c5da8a043",5,6,0,9,14,4,19,0,9,0,8,8,0,0,0,8,10,10,14,12,0,9,9,0
"2","Fungi_Ascomycota_Eurotiomycetes_Eurotiales_Aspergillaceae_Aspergillus_Aspergillus_ruber_cc0d1aa8c0fbfb0d12569d738348e716",2112,921,1123,1704,2296,1639,1172,1405,624,1863,6803,2671,1040,2052,478,1019,2528,1610,1306,1139,887,3228,740,1347
"3","Fungi_Ascomycota_Sordariomycetes_Hypocreales_Nectriaceae_Fusarium_Fusarium_equiseti_215338aaf2fb5b1c1466cb60b729950e",761,2426,5603,702,254,1962,2036,1755,1728,1292,939,1103,1512,520,420,759,614,1245,313,1471,1765,2492,2180,1124
"4","Fungi_unclassified_unclassified_unclassified_unclassified_unclassified_unclassified_b373d0b28cdca8bdb8fa8e8fab8c494e",1497,817,463,856,0,0,671,552,1046,2371,719,1198,688,226,374,2095,712,449,0,1284,1874,1201,0,618
"5","Fungi_Ascomycota_Pezizomycetes_Pezizales_Ascobolaceae_Ascobolus_Ascobolus_sp_32db07028d938bc49b91054972d504d0",275,231,452,446,582,247,935,1122,438,27,329,85,443,191,620,483,166,564,577,366,91,233,202,869
"6","Fungi_Ascomycota_Sordariomycetes_Sordariales_Chaetomiaceae_Botryotrichum_Botryotrichum_atrogriseum_66366195ccb0e50fb1681ebf6da1d0ec",136,746,71,243,242,738,362,833,735,109,353,126,543,1123,160,523,582,1284,1613,353,93,323,139,599
"7","Fungi_Ascomycota_Dothideomycetes_Pleosporales_Sporormiaceae_Preussia_Preussia_terricola_0d508cf0069dec81f9e6fd6bf8ec542c",498,612,244,446,787,689,293,518,250,335,1144,680,412,905,200,283,766,809,757,302,624,264,215,488
"8","Fungi_Ascomycota_Pezizomycetes_Pezizales_Pyronemataceae_Trichophaeopsis_Trichophaeopsis_sp_281a17fe0deceafed1b225151fb585f6",186,243,634,198,901,473,743,43,338,153,502,274,103,353,42,0,97,123,94,308,7,432,362,223
"9","Fungi_Ascomycota_Sordariomycetes_Hypocreales_Hypocreales_fam_Incertae_sedis_Hypocreales_gen_Incertae_sedis_Hypocreales_sp_40ea8008fbdbba04d7b6996dad4cf0f3",110,477,218,43,0,153,118,223,240,162,108,116,255,177,1136,62,1322,313,2225,73,207,22,1426,488
"10","Fungi_Ascomycota_Eurotiomycetes_Eurotiales_Aspergillaceae_Aspergillus_unclassified_3ecc0270390f6c66a29c6ce70e22993a",161,173,133,151,423,240,121,89,87,599,70,831,104,629,107,137,169,328,205,143,191,414,38,53
"11","Fungi_unclassified_unclassified_unclassified_unclassified_unclassified_unclassified_f6bf1fecdda38d7d895fe1e45209366d",358,33,243,347,409,106,172,236,507,282,67,73,182,108,0,537,233,33,149,806,0,0,804,323
"12","Fungi_Ascomycota_Sordariomycetes_Branch06_Branch06_fam_Incertae_sedis_Branch06_gen_Incertae_sedis_Branch06_sp_d798e6cdf3f3fce061e27c38e25a394d",709,256,894,166,144,545,104,0,2999,114,165,57,2470,974,353,342,1037,37,0,111,175,103,188,769
"13","Fungi_Ascomycota_Sordariomycetes_Hypocreales_Stachybotryaceae_Stachybotrys_Stachybotrys_chartarum_eb085739f088ae86379d5c8fd616e11a",202,148,256,286,200,293,293,134,175,578,151,520,215,245,119,280,172,486,197,127,377,237,104,85
"14","Fungi_Mortierellomycota_Mortierellomycetes_Mortierellales_Mortierellaceae_Mortierella_Mortierella_polycephala_779b455103c81b47872711d49f05c0be",241,142,97,109,117,406,303,172,192,378,189,654,195,238,117,177,174,608,273,122,95,149,96,108
"15","Fungi_Ascomycota_Sordariomycetes_Sordariales_Chaetomiaceae_Chaetomium_Chaetomium_cervicicola_baa7f0d2c74e3f154cb90f2bfb185b3d",67,51,0,64,32,0,466,93,63,37,53,171,0,81,33,52,28,192,81,41,21,129,0,33
"16","Fungi_Ascomycota_Sordariomycetes_Sordariales_Chaetomiaceae_Hyalosphaerella_Hyalosphaerella_fragilis_a15adea148d395a2af800de785689521",300,149,118,190,345,183,228,218,203,280,119,114,201,254,171,305,237,268,272,132,0,238,227,135
"17","Fungi_Ascomycota_Sordariomycetes_Xylariales_Diatrypaceae_Monosporascus_unclassified_456615ec3765a33926726403a24e8e3a",590,273,0,152,23,0,0,0,0,0,185,505,367,165,210,71,168,289,557,56,114,122,805,0
"18","Fungi_Ascomycota_Sordariomycetes_Hypocreales_Nectriaceae_unclassified_unclassified_752c804ed74473d63a28a1f0959ece39",0,137,112,55,64,157,156,126,135,439,168,181,168,0,0,129,0,147,67,190,198,439,182,200
"19","Fungi_Ascomycota_Sordariomycetes_Sordariales_Chaetomiaceae_Subramaniula_Subramaniula_thielavioides_c0ca333b82f730059feebd24b43d7972",208,121,163,233,432,154,177,129,104,251,116,310,86,337,118,198,234,169,197,138,133,111,41,73
"20","Fungi_Ascomycota_Sordariomycetes_Sordariales_Chaetomiaceae_Acrophialophora_Acrophialophora_jodhpurensis_80e9118eb4a31b37bff24fb85108f8e2",78,62,104,95,302,77,182,80,96,154,53,229,62,114,53,135,84,297,189,34,252,110,0,72
"21","Fungi_Ascomycota_Eurotiomycetes_Eurotiales_Aspergillaceae_Aspergillus_Aspergillus_terreus_107d7f29f9a85d2899355fd8184504f0",129,61,114,90,184,128,164,94,127,113,27,123,0,339,63,135,82,210,175,128,108,188,12,46
"22","Fungi_Ascomycota_Dothideomycetes_Pleosporales_Pleosporaceae_Curvularia_Curvularia_mebaldsii_2495576c942c0b8f99d73e364268a0d9",122,185,59,71,75,92,1043,684,293,272,99,287,187,170,37,240,100,241,207,110,79,191,297,310
"23","Fungi_unclassified_unclassified_unclassified_unclassified_unclassified_unclassified_72e0e850ed800f454c0ead07b8aee884",0,0,407,0,0,547,0,259,0,505,0,0,0,0,0,0,0,128,0,0,0,259,0,369
"24","Fungi_unclassified_unclassified_unclassified_unclassified_unclassified_unclassified_2908d4e357dce29580db77bfea7b6a48",0,0,0,51,0,1639,0,0,0,248,0,140,293,0,0,0,273,0,501,274,0,0,0,0
"25","Fungi_unclassified_unclassified_unclassified_unclassified_unclassified_unclassified_95f3c43d644ee659e8266e1c4c9ee642",113,116,63,611,1467,512,414,166,229,120,47,330,227,201,26,251,757,68,490,440,94,375,146,215
"26","Fungi_Ascomycota_Dothideomycetes_Pleosporales_Pleosporaceae_Alternaria_unclassified_1a061860efe2fd1091f90de83d82ff4d",32,0,203,38,0,0,118,0,310,42,17,0,22,7,0,77,14,0,12,156,590,36,335,293
"27","Fungi_Ascomycota_Sordariomycetes_Sordariales_Sordariaceae_unclassified_unclassified_e44576938f7308623896e3cc195e0d53",1009,126,0,405,136,0,144,794,0,32,0,52,53,25,726,127,9,12,0,290,11,0,22,29
"28","Fungi_Ascomycota_Dothideomycetes_Pleosporales_unclassified_unclassified_unclassified_c5e068be2668e67b64c83f3503976c92",70,79,70,68,102,67,80,63,40,105,41,188,70,92,55,70,114,110,71,52,78,108,47,81
"29","Fungi_Ascomycota_Sordariomycetes_Sordariales_Lasiosphaeriaceae_Schizothecium_Schizothecium_inaequale_2ded4ab4778f5c3fdbb213b17ac22349",184,200,79,111,0,73,88,119,170,89,143,105,82,172,78,60,60,103,56,83,120,195,115,84
"30","Fungi_Ascomycota_Sordariomycetes_Sordariales_unclassified_unclassified_unclassified_b1709734b7dcde8d041339c8d3507f1e",0,1342,163,3061,3,165,0,0,0,6,0,10,716,116,0,1556,775,0,0,702,30,52,176,1246
"31","Fungi_Ascomycota_Sordariomycetes_Hypocreales_Hypocreales_fam_Incertae_sedis_Acremonium_Acremonium_persicinum_51121d174235724d93d9ad2496a65689",56,231,98,74,33,56,134,49,118,86,82,91,86,62,40,157,33,99,42,57,477,69,123,98
"32","Fungi_Ascomycota_Pezizomycetes_Pezizales_Ascobolaceae_Ascobolus_Ascobolus_sp_b91d6310355ef9aadd0485f95502e441",8,15,71,209,15,123,112,141,59,29,16,7,43,32,211,36,148,58,47,63,63,183,41,82
"33","Fungi_Ascomycota_Sordariomycetes_Sordariales_Sordariaceae_unclassified_unclassified_35c351e1f2a05ba247a822b85fb2f2fd",565,197,0,298,83,0,41,576,148,0,0,80,17,61,626,34,0,0,0,130,0,0,0,17
"34","Fungi_Ascomycota_Sordariomycetes_Sordariales_Chaetomiaceae_Allocanariomyces_Allocanariomyces_tritici_b836e22d01ed6a62b260f01262127a38",50,16,44,63,131,64,57,50,49,132,67,82,29,113,31,77,105,97,116,33,26,78,0,50
"35","Fungi_Ascomycota_Sordariomycetes_Hypocreales_Hypocreales_fam_Incertae_sedis_Hypocreales_gen_Incertae_sedis_Hypocreales_sp_677f39cb0b5f073bab4e5b5ceb33d96f",9,57,34,134,645,11,40,19,81,42,0,247,9,473,0,0,16,14,542,197,37,24,121,0
"36","Fungi_Ascomycota_Dothideomycetes_Pleosporales_Sporormiaceae_Sporormia_Sporormia_sp_d6f397d83d1695a6493662475a7808af",62,16,0,212,0,6,0,33,17,0,7,33,108,0,4,235,53,0,0,16,145,100,23,0
"37","Fungi_Ascomycota_Sordariomycetes_Sordariales_Chaetomiaceae_unclassified_unclassified_6d4c8253e4fc945fe2bdca5b551c32e7",69,106,41,59,232,41,94,184,83,25,34,50,76,148,43,52,117,107,69,70,58,73,0,33
"38","Fungi_Ascomycota_Sordariomycetes_Sordariales_unclassified_unclassified_unclassified_0712f4c204fb2be1538e6783b0a5ff89",104,17,52,76,45,57,12,49,71,167,165,48,55,93,25,52,70,176,116,31,34,82,15,72
"39","Fungi_unclassified_unclassified_unclassified_unclassified_unclassified_unclassified_a6a6a20bc1b2713ee2bae77a856e8fc5",0,0,0,0,0,0,0,0,0,0,79,0,418,706,0,151,200,0,276,49,0,0,510,123
"40","Fungi_Ascomycota_Sordariomycetes_Branch06_Branch06_fam_Incertae_sedis_Branch06_gen_Incertae_sedis_Branch06_sp_69b141cd10b5f2821df20410a28eeb20",58,74,25,3,36,272,0,54,40,17,16,52,276,79,86,0,74,138,63,0,15,157,0,32
"41","Fungi_Ascomycota_Dothideomycetes_Pleosporales_Sporormiaceae_Preussia_Preussia_sp_f74763de17c09920e4ec24527d682557",43,68,51,83,25,34,82,52,75,82,46,76,33,54,32,37,184,96,91,22,27,163,77,34
"42","Fungi_Ascomycota_Sordariomycetes_Sordariales_Lasiosphaeriaceae_Schizothecium_Schizothecium_inaequale_7f84f2f14c7148135a8971e97ab29414",78,168,0,21,37,0,41,99,93,0,72,52,44,0,32,85,69,49,62,78,0,0,0,95
"43","Fungi_unclassified_unclassified_unclassified_unclassified_unclassified_unclassified_72196ab3fae4e881542aca53b57891ba",0,0,0,0,763,0,0,0,0,0,0,0,0,0,0,0,0,0,0,0,0,0,0,0
"44","Fungi_Ascomycota_Sordariomycetes_Hypocreales_Nectriaceae_Fusarium_unclassified_291daa9a07a675ca47bbcd36a568689b",31,236,20,57,90,0,114,157,24,52,0,46,69,56,104,69,51,77,44,56,0,86,0,0
"45","Fungi_Ascomycota_Sordariomycetes_Sordariales_Chaetomiaceae_Chaetomium_unclassified_a7b313d891107fbee374ecc6ded2a6db",15,48,0,148,159,108,45,21,53,23,24,0,22,85,10,25,39,63,37,76,0,20,41,101
"46","Fungi_Ascomycota_Sordariomycetes_Hypocreales_Nectriaceae_Fusarium_Fusarium_fujikuroi_9823d03cf21ee6bea8cd5345c3abda63",0,132,0,139,0,160,38,52,39,97,0,30,35,33,0,132,0,0,0,140,125,72,138,999
"47","Fungi_Ascomycota_Sordariomycetes_Hypocreales_Nectriaceae_unclassified_unclassified_dc7382b8baeb332732be90d53df52c6e",0,14,28,6,25,5,18,0,0,513,23,55,9,19,2215,23,4,0,27,28,77,58,0,0
"48","Fungi_Glomeromycota_Glomeromycetes_Glomerales_Glomeraceae_Funneliformis_Funneliformis_mosseae_a9f2968ee14309e36e2d708d0aa22fcb",4,0,0,0,411,0,37,0,0,0,0,4,0,6,5,0,0,0,200,33,0,0,0,0
"49","Fungi_Ascomycota_Sordariomycetes_Microascales_Microascaceae_Scedosporium_Scedosporium_boydii_4c1409f3ec03f348b9565da49f9b01cb",46,0,0,0,47,0,0,0,0,71,0,0,31,27,1584,0,6,9,0,0,51,0,0,0
"50","Fungi_Ascomycota_Sordariomycetes_Sordariales_Chaetomiaceae_Acrophialophora_Acrophialophora_sp_4fe643f045608e94db26815d9b65422e",73,0,0,68,0,149,70,345,0,78,79,0,0,0,0,0,109,44,89,71,0,0,141,61
"51","Fungi_Ascomycota_Sordariomycetes_Hypocreales_Nectriaceae_Fusarium_Fusarium_equiseti_7e870910d95b7f139562f3358ce36d18",0,297,528,0,0,0,0,0,171,324,108,0,0,0,0,38,0,0,0,169,98,125,1511,71
"52","Fungi_Ascomycota_Sordariomycetes_Microascales_Microascaceae_Enterocarpus_Enterocarpus_grenotii_ba09c722d6bf2c97d098f0d3db863f4c",11,17,11,30,25,42,32,16,25,13,15,23,11,63,6,18,49,67,54,39,27,50,0,28
"53","Fungi_Ascomycota_Sordariomycetes_Sordariales_Chaetomiaceae_unclassified_unclassified_4ba25a2778488728fb114b8f15ae8924",52,0,0,37,99,38,43,0,66,53,31,66,41,79,15,42,69,71,68,0,0,44,0,23
"54","Fungi_Ascomycota_Sordariomycetes_Hypocreales_Hypocreales_fam_Incertae_sedis_Hypocreales_gen_Incertae_sedis_Hypocreales_sp_dc0dc02f5ef43ca3847a8f849a496016",0,279,0,14,4,117,96,0,0,0,0,13,28,11,11,0,0,0,3,0,242,0,391,0
"55","Fungi_Ascomycota_Sordariomycetes_Sordariales_Lasiosphaeriaceae_Schizothecium_unclassified_b507e13497e2a6f98e3dd5b7b2672171",60,28,78,43,0,69,69,74,129,0,46,100,67,45,0,21,25,68,39,51,42,54,45,25
"56","Fungi_Ascomycota_Sordariomycetes_Branch06_Branch06_fam_Incertae_sedis_Branch06_gen_Incertae_sedis_Branch06_sp_bee891f9fa6a42e81089047930a19ed5",0,0,19,0,15,0,0,14,80,25,17,15,43,72,0,0,258,504,69,18,0,12,0,0
"57","Fungi_Ascomycota_unclassified_unclassified_unclassified_unclassified_unclassified_1e9048af1082f6a89f87019be9303023",0,476,49,21,0,598,255,53,217,0,0,0,0,148,33,58,34,0,151,15,0,0,0,52
"58","Fungi_unclassified_unclassified_unclassified_unclassified_unclassified_unclassified_4026253564bfc3341c2172f0811c92c6",4,4,0,17,0,0,28,0,10,0,0,0,0,0,34,0,0,0,0,338,0,0,207,0
"59","Fungi_unclassified_unclassified_unclassified_unclassified_unclassified_unclassified_7de0f3867de06fe07f3694dbe10b7f32",83,0,0,47,0,0,0,0,0,0,0,0,0,19,0,8,0,0,31,14,22,0,0,0
"60","Fungi_Ascomycota_Sordariomycetes_Sordariales_Chaetomiaceae_Acrophialophora_Acrophialophora_fusispora_3fda4e2d39ac5f8bc37245b7a47531ce",50,0,0,15,68,0,79,0,0,19,0,0,9,22,158,16,0,42,80,323,0,8,0,10
"61","Fungi_Ascomycota_Sordariomycetes_Hypocreales_Stachybotryaceae_Albifimbria_Albifimbria_verrucaria_6b7a936f14e93d71e00a46a6c4062ee2",12,6,10,7,1,0,49,0,6,6,0,107,75,0,0,56,3,231,0,47,47,0,47,115
"62","Fungi_Ascomycota_Sordariomycetes_Sordariales_Podosporaceae_Podosporaceae_gen_Incertae_sedis_Podosporaceae_sp_b6112ab0cbf794f7a2a2f776878bd37f",0,0,0,0,0,0,0,0,0,0,0,0,0,0,0,0,0,0,0,12,0,0,0,0
"63","Fungi_Ascomycota_Sordariomycetes_Sordariales_Chaetomiaceae_Chaetomium_unclassified_70052593f4ccecce2d1079fcb8e20edd",57,24,30,35,47,16,229,78,18,25,34,164,25,61,0,28,27,56,48,12,17,8,0,10
"64","Fungi_Basidiomycota_Agaricomycetes_Cantharellales_Ceratobasidiaceae_Thanatephorus_unclassified_168b7087ff5587e329140638f41ea137",16,36,10,9,41,76,44,85,52,0,8,10,37,79,198,13,40,175,59,68,1,54,3,9
"65","Fungi_Ascomycota_Sordariomycetes_Xylariales_Xylariaceae_Ascotricha_Ascotricha_guamensis_f598dd2c35a26b38462ace9fa0ae80e4",35,26,14,3,9,3,10,21,16,0,34,5,10,15,8,2,19,17,44,0,0,95,22,51
"66","Fungi_unclassified_unclassified_unclassified_unclassified_unclassified_unclassified_99efce9656ff9756cdc469b589eed53b",0,0,0,0,0,85,48,0,0,0,0,37,13,0,55,0,0,0,0,0,0,0,0,28
"67","Fungi_unclassified_unclassified_unclassified_unclassified_unclassified_unclassified_da3ba9132949ff5755979100a5abe50b",0,0,6,0,0,0,0,0,0,0,0,0,18,0,0,0,0,0,0,581,0,0,0,72
"68","Fungi_Ascomycota_Sordariomycetes_Hypocreales_Hypocreales_fam_Incertae_sedis_Sarocladium_Sarocladium_sp_571924899d89894769af5be8b189d164",0,19,0,0,0,0,0,0,0,0,0,0,0,0,0,0,0,0,0,0,0,0,0,0
"69","Fungi_Ascomycota_Sordariomycetes_Hypocreales_Hypocreales_fam_Incertae_sedis_Acremonium_Acremonium_sclerotigenum_7dc7bd97d9ee8c14bebb3acce7cd6c2f",7,10,59,9,14,4,40,12,28,8,0,17,8,13,0,28,19,9,1,76,409,3,558,79
"70","Fungi_Ascomycota_Dothideomycetes_Pleosporales_Sporormiaceae_unclassified_unclassified_b00ac03587600b6303a38b88ba8c8ef2",75,14,0,0,0,0,0,451,0,33,0,0,94,173,0,0,0,1,87,0,11,0,27,0
"71","Fungi_Mortierellomycota_Mortierellomycetes_Mortierellales_Mortierellaceae_unclassified_unclassified_0056736d8b93aa02956e410e559e03a6",40,37,12,59,36,46,44,23,48,33,16,40,36,65,21,17,43,64,58,11,0,44,8,9
"72","Fungi_Ascomycota_Sordariomycetes_Sordariales_Neoschizotheciaceae_Neoschizothecium_Neoschizothecium_curvisporum_a27b2f3136cbcfa2fcba5c9bc97f19d1",73,17,29,73,8,14,70,76,22,75,21,59,20,29,21,31,0,84,78,37,0,17,0,22
"73","Fungi_Ascomycota_Sordariomycetes_Sordariales_Chaetomiaceae_Chaetomium_Chaetomium_cervicicola_5b4b69dc0b4d821528a28461b0d8e28c",0,0,113,0,0,67,0,0,0,0,0,0,106,0,0,0,0,0,0,0,0,0,0,0
"74","Fungi_Ascomycota_Dothideomycetes_Capnodiales_Cladosporiaceae_Cladosporium_unclassified_226ded8c73006c34d56970a66bd86cb1",0,21,6,8,0,0,38,2,92,7,2,0,2,4,0,10,0,4,0,102,513,17,25,37
"75","Fungi_Ascomycota_Eurotiomycetes_Onygenales_Arachnomycetaceae_Arachnomyces_Arachnomyces_pilosus_774f24b86f439b1017e45381b2907628",19,15,13,0,0,0,0,0,0,0,0,0,0,15,0,12,0,0,0,13,0,73,0,0
"76","Fungi_unclassified_unclassified_unclassified_unclassified_unclassified_unclassified_7b73f573f34a5cb423d321b896c75968",0,0,0,0,0,9,0,0,0,0,0,0,0,0,0,0,0,2,0,0,0,0,0,0
"77","Fungi_Ascomycota_Sordariomycetes_Microascales_Microascaceae_Canariomyces_Canariomyces_arenarius_3beb817f7862a04358f2cddb1fe0f92a",0,14,13,0,39,9,27,9,13,0,12,17,12,0,0,180,30,0,31,0,0,28,0,5
"78","Fungi_Ascomycota_Sordariomycetes_Sordariales_Chaetomiaceae_Amesia_Amesia_atrobrunnea_86ab26fc9559b6afb4523a326e3758a8",32,13,51,14,35,8,17,13,10,32,11,19,11,35,14,57,16,26,17,0,14,0,0,0
"79","Fungi_Ascomycota_Leotiomycetes_Helotiales_Myxotrichaceae_Myxotrichum_Myxotrichum_deflexum_b11ed5999ca8e42774fa1f979589d79b",31,8,7,17,20,10,6,0,9,28,6,28,6,6,9,22,9,13,4,18,0,20,0,9
"80","Fungi_Ascomycota_Sordariomycetes_Sordariales_Podosporaceae_Cladorrhinum_Cladorrhinum_hyalocarpum_8dbabaa13ab019c8f8dd1173a7a7c6b4",0,0,0,0,0,0,0,0,0,0,19,0,0,0,0,0,0,0,0,0,0,0,0,0
"81","Fungi_Ascomycota_Sordariomycetes_Hypocreales_Nectriaceae_Paracremonium_Paracremonium_inflatum_0d08341a4ed049ed9afefb928b1fcb96",9,9,0,9,0,7,0,0,0,26,0,51,0,23,7,15,0,0,51,19,38,32,0,29
"82","Fungi_Ascomycota_Dothideomycetes_Pleosporales_Pleosporaceae_Curvularia_Curvularia_arcana_f7097410bdc5b2494a59cf53befb39fc",0,0,0,0,0,54,70,35,0,0,0,0,0,33,0,140,0,112,0,24,0,38,45,0
"83","Fungi_Ascomycota_Dothideomycetes_Pleosporales_Pleosporaceae_Alternaria_Alternaria_sp_0d28e1bb97e7e89fd3c7d1f88af77000",21,0,0,0,0,0,0,15,29,23,0,24,32,0,0,55,0,40,0,0,0,0,0,0
"84","Fungi_Ascomycota_Sordariomycetes_Sordariales_Lasiosphaeriaceae_Zygopleurage_Zygopleurage_sp_eccdc8504c3be0a0317f855aa4da23a2",384,19,0,0,13,0,0,394,43,0,0,0,8,0,0,35,0,0,0,7,0,0,15,8
"85","Fungi_Ascomycota_Sordariomycetes_Branch06_Branch06_fam_Incertae_sedis_Branch06_gen_Incertae_sedis_Branch06_sp_503a3f4de445493535f9fd4491b7ac2e",14,18,0,9,0,0,0,0,0,0,0,0,0,0,13,25,0,0,0,0,0,0,0,0
"86","Fungi_Ascomycota_Sordariomycetes_Branch06_Branch06_fam_Incertae_sedis_Branch06_gen_Incertae_sedis_Branch06_sp_32e22e511bf5728277a1f9fd95bc1a70",0,0,0,0,0,0,0,0,0,0,0,0,0,0,0,73,0,0,0,0,0,0,0,0
"87","Fungi_Basidiomycota_Tremellomycetes_Filobasidiales_Filobasidiaceae_Naganishia_Naganishia_albida_ced2c34c85c5e48afbb81480c37b38d4",0,9,0,15,3,0,9,0,8,0,15,0,0,0,0,1,0,0,0,0,257,17,11,29
"88","Fungi_Ascomycota_Dothideomycetes_Capnodiales_Cladosporiaceae_Cladosporium_unclassified_3337b252837c394adcd73ead4c097a6e",0,0,4,0,0,9,53,0,17,0,0,0,0,0,0,0,0,0,0,36,166,0,0,69
"89","Fungi_Ascomycota_Sordariomycetes_Microascales_Microascaceae_Pithoascus_Pithoascus_sp_d2ad2d924043eade180170560ff78cdd",0,0,11,0,35,0,0,16,0,0,0,7,0,10,0,3,6,17,4,0,1,0,11,0
"90","Fungi_Glomeromycota_Glomeromycetes_Glomerales_Glomeraceae_Glomeraceae_gen_Incertae_sedis_Glomeraceae_sp_44d350b5b3a140a693b38c2784eee484",0,54,0,76,0,67,92,0,43,0,0,0,0,102,29,0,79,73,51,25,12,0,15,0
"91","Fungi_unclassified_unclassified_unclassified_unclassified_unclassified_unclassified_ebd22203707577101721bca6e9038c1f",6,0,8,5,17,12,0,5,7,5,12,23,6,6,0,6,14,6,6,10,0,13,19,0
"92","Fungi_Ascomycota_Sordariomycetes_Sordariales_Podosporaceae_Cladorrhinum_Cladorrhinum_hyalocarpum_9068c3f1f2c67d9b5532230e9d8eee77",0,0,0,0,0,0,0,0,0,0,0,0,120,0,0,440,0,0,0,0,0,4,0,0
"93","Fungi_Ascomycota_Sordariomycetes_Hypocreales_Nectriaceae_unclassified_unclassified_838358b35f92a101a834fdeffa576e92",122,0,0,0,0,0,0,0,0,0,0,0,0,0,1082,0,0,0,0,0,0,0,56,0
"94","Fungi_unclassified_unclassified_unclassified_unclassified_unclassified_unclassified_5951a7f81b2f0eacaa9f1a66a2ebc6d0",0,0,0,0,11,26,2,125,4,8,7,26,41,0,24,0,0,28,23,0,0,22,0,0
"95","Fungi_Ascomycota_Eurotiomycetes_Eurotiales_Aspergillaceae_Aspergillus_Aspergillus_piperis_c829fbe61c3edf1e62c627b8b0b26c4a",20,22,0,61,27,0,0,27,0,0,0,38,0,5,0,23,0,23,0,16,39,0,0,38
"96","Fungi_unclassified_unclassified_unclassified_unclassified_unclassified_unclassified_2eb319753ed2db89c070456d74efc7c9",0,22,0,0,14,0,0,0,0,0,0,0,0,0,35,0,0,20,0,0,0,0,0,0
"97","Fungi_Ascomycota_Dothideomycetes_Capnodiales_Cladosporiaceae_Cladosporium_Cladosporium_sp_2618724a43b62712d10467d2dd1e7c3e",1,17,0,7,0,0,0,0,14,0,0,5,3,0,0,0,0,0,0,21,96,18,11,23
"98","Fungi_unclassified_unclassified_unclassified_unclassified_unclassified_unclassified_6572f85164ecd388f71d5185981a3236",46,0,38,0,0,0,0,0,0,83,0,0,0,0,146,0,0,0,0,0,0,0,0,0
"99","Fungi_Ascomycota_Dothideomycetes_Pleosporales_Pleosporaceae_Bipolaris_unclassified_a20e2909d945774135d2e9eb3c939d20",5,0,0,0,9,8,0,0,0,0,0,32,6,0,9,22,0,0,8,0,0,0,0,0
"100","Fungi_Glomeromycota_Glomeromycetes_Glomerales_Glomeraceae_Funneliformis_Funneliformis_mosseae_7d024113792c47324c769ae1b3d0f091",0,0,0,0,0,5,0,0,16,0,0,0,0,0,0,0,0,0,0,0,0,0,0,0
"101","Fungi_unclassified_unclassified_unclassified_unclassified_unclassified_unclassified_0fd336f3455c975119dd6695005fa71d",0,0,0,0,0,0,0,0,11,36,0,18,352,0,0,10,0,57,0,0,0,5,0,0
"102","Fungi_Ascomycota_Sordariomycetes_Xylariales_Diatrypaceae_Monosporascus_Monosporascus_sp_cae8212e0d1ea24c2cbe552c8803f87a",0,13,0,0,0,0,0,12,0,0,30,83,0,123,0,0,84,42,0,90,303,1,0,6
"103","Fungi_Ascomycota_Sordariomycetes_Sordariales_Lasiosphaeriaceae_Schizothecium_Schizothecium_inaequale_e06f821ebdfac7c580a0929d826cd432",0,0,0,7,0,0,0,0,0,0,0,0,0,0,0,22,0,49,0,0,0,29,0,27
"104","Fungi_Ascomycota_Dothideomycetes_Pleosporales_Pleosporaceae_Alternaria_Alternaria_hungarica_3b4c384c991a28e6d77e151b58e40591",11,12,3,5,0,0,12,10,0,90,0,3,8,0,0,0,3,20,0,0,11,0,0,2
"105","Fungi_Ascomycota_Sordariomycetes_Hypocreales_Stachybotryaceae_Alfaria_unclassified_6b9af80fabd3e144f4a5d78341bfd7cb",0,0,0,0,0,0,0,0,0,0,0,0,0,0,0,0,0,0,0,439,0,2,0,0
"106","Fungi_Glomeromycota_Glomeromycetes_Glomerales_Glomeraceae_Glomeraceae_gen_Incertae_sedis_Glomeraceae_sp_ecdef9c20a596f8924124d0883a2dbd3",0,0,0,0,0,0,0,0,62,0,0,0,0,0,80,0,0,0,0,0,0,0,0,42
"107","Fungi_Basidiomycota_Agaricomycetes_Cantharellales_Ceratobasidiaceae_unclassified_unclassified_69ba6dd13a513011eeaab2dfa0e150fa",0,11,0,0,0,0,0,78,0,3,0,0,0,0,0,64,63,0,0,0,6,0,0,397
"108","Fungi_Ascomycota_Eurotiomycetes_Onygenales_Arachnomycetaceae_Arachnomyces_Arachnomyces_pilosus_8d487f5eb1a6285f847ac9e1a8539f5d",0,0,0,0,0,0,0,24,0,18,0,0,0,0,9,0,6,0,28,0,24,0,0,0
"109","Fungi_Ascomycota_Sordariomycetes_Sordariales_Chaetomiaceae_Botryotrichum_Botryotrichum_atrogriseum_3755060e188aeab34219fbb11bdac4e0",0,0,0,3,0,0,0,0,0,0,0,0,0,0,0,0,0,0,0,0,0,0,0,0
"110","Fungi_unclassified_unclassified_unclassified_unclassified_unclassified_unclassified_5e14a5ea38097fab98a93b366b2eac37",0,0,0,0,0,0,0,0,0,0,0,0,0,0,0,0,0,0,0,0,0,0,136,0
"111","Fungi_Ascomycota_Dothideomycetes_Pleosporales_Sporormiaceae_Preussia_Preussia_terricola_c4d4785dead27fc2f245ccf4248a04ee",0,103,0,0,5,0,0,0,0,0,0,62,0,0,0,0,73,0,0,0,123,0,0,0
"112","Fungi_Mortierellomycota_Mortierellomycetes_Mortierellales_Mortierellaceae_Mortierella_Mortierella_ambigua_6ad7d1571580fa85052b62c9af2d8844",117,0,0,81,8,0,0,0,12,10,0,0,0,0,0,83,0,28,0,39,0,4,15,0
"113","Fungi_Ascomycota_Pezizomycetes_Pezizales_Ascodesmidaceae_Cephaliophora_Cephaliophora_sp_3902fa8da746b3cfbe383b00521d338c",54,0,5,7,9,9,3,0,23,0,6,43,0,5,0,4,10,0,15,3,6,1,80,10
"114","Fungi_Ascomycota_Eurotiomycetes_Eurotiales_Aspergillaceae_Aspergillus_Aspergillus_flavus_2f9297cdaa96a84c203bafc26ad7ef58",145,0,5,9,0,0,0,0,0,0,0,46,22,0,0,26,0,41,0,15,0,0,0,0
"115","Fungi_Basidiomycota_Tremellomycetes_Filobasidiales_Filobasidiaceae_Naganishia_Naganishia_albida_7b34a0d4f90d284ef86532785de39a5c",0,0,0,0,0,0,0,0,0,0,0,0,0,0,0,0,0,0,0,25,78,0,0,0
"116","Fungi_Ascomycota_Sordariomycetes_Microascales_Microascaceae_Canariomyces_Canariomyces_arenarius_46f9869099d8964a5f9af5184b8b1b22",44,0,0,16,23,0,0,0,0,17,0,0,0,27,16,41,0,58,0,8,14,0,0,0
"117","Fungi_Ascomycota_Dothideomycetes_Pleosporales_Sporormiaceae_Preussia_Preussia_terricola_946ecfae9b914145c37abf350d5e51f0",0,0,7,0,0,0,0,0,0,0,0,25,0,120,0,0,0,0,0,0,0,0,0,0
"118","Fungi_Ascomycota_Sordariomycetes_unclassified_unclassified_unclassified_unclassified_bb27b76d8adc795671568329ee0545bd",0,0,6,0,0,16,15,35,4,0,7,67,0,109,0,0,0,0,0,0,33,32,0,0
"119","Fungi_Ascomycota_Sordariomycetes_Hypocreales_Nectriaceae_Paracremonium_Paracremonium_inflatum_0c5468ffccf03006f0e0ed81a7604f56",0,0,0,0,12,0,17,2,11,31,0,0,13,0,0,0,0,6,26,17,0,0,0,0
"120","Fungi_Ascomycota_Dothideomycetes_Pleosporales_Sporormiaceae_Preussia_Preussia_globosa_814c4e99bc4e7a376311891f112f5eeb",0,4,0,0,3,0,0,3,0,6,0,0,0,0,0,0,0,4,9,5,0,0,20,0
"121","Fungi_Ascomycota_Sordariomycetes_unclassified_unclassified_unclassified_unclassified_1f533a953cf14039236f3fa826b1e083",0,0,0,21,0,0,0,0,0,0,0,0,0,0,0,0,19,19,0,0,0,0,0,0
"122","Fungi_Mortierellomycota_Mortierellomycetes_Mortierellales_Mortierellaceae_Mortierella_Mortierella_wolfii_31f95534b4b66a435bb511db12e2caca",6,15,0,0,1,4,9,0,16,10,0,0,0,6,1,0,0,13,1,0,0,8,0,2
"123","Fungi_Ascomycota_Sordariomycetes_Hypocreales_Hypocreales_fam_Incertae_sedis_Acremonium_Acremonium_persicinum_cf7eebbf15ad2583e6df48d41e76cde7",0,0,0,0,0,0,48,0,0,0,0,0,0,0,0,38,0,0,0,16,85,0,0,25
"124","Fungi_Ascomycota_Sordariomycetes_Sordariales_Chaetomiaceae_unclassified_unclassified_5f81f20047c3fb5f68cf40c997c3f907",0,0,5,0,0,0,0,0,0,0,0,0,2,0,0,0,0,0,0,0,0,0,0,0
"125","Fungi_Rozellomycota_Rozellomycota_cls_Incertae_sedis_Rozellomycota_ord_Incertae_sedis_Rozellomycota_fam_Incertae_sedis_Rozellomycota_gen_Incertae_sedis_Rozellomycota_sp_56e7afe934c9fede8971f14af3acd92b",0,18,0,4,0,0,8,0,0,0,9,6,0,2,0,0,0,0,2,25,0,25,32,2
"126","Fungi_Basidiomycota_Agaricomycetes_Agaricales_Pluteaceae_Volvariella_unclassified_961f316417631312b4a3b483d1101414",0,0,0,0,0,0,0,0,0,0,0,0,0,0,0,0,0,0,0,0,1291,0,0,0
"127","Fungi_Glomeromycota_Glomeromycetes_Glomerales_Glomeraceae_Rhizophagus_unclassified_68adf083cd595a75c31803dfb7bd8876",65,0,27,0,0,0,0,84,45,0,0,0,0,114,0,38,0,0,0,45,15,0,0,0
"128","Fungi_Ascomycota_Sordariomycetes_Microascales_Microascaceae_Microascus_Microascus_alveolaris_4e6cdf7d884d86fba1833ae3aecda2f1",0,0,0,0,285,0,0,0,0,0,0,0,0,0,0,0,0,0,0,0,0,0,0,0
"129","Fungi_Ascomycota_Pezizomycetes_Pezizales_Ascobolaceae_Ascobolus_Ascobolus_sp_c61655c3897573ba20793038b7cf8cb1",0,0,0,0,0,0,0,0,0,0,0,0,0,0,30,0,0,0,0,0,0,0,0,0
"130","Fungi_Ascomycota_Sordariomycetes_Lulworthiales_Lulworthiaceae_Lulworthiaceae_gen_Incertae_sedis_Lulworthiaceae_sp_71f3d2c3942a985b375cb65b81dcb1ef",0,0,0,32,0,0,0,17,0,0,0,0,0,0,0,0,0,0,0,14,0,0,0,0
"131","Fungi_Ascomycota_Sordariomycetes_Sordariales_Chaetomiaceae_unclassified_unclassified_8c0c9393ac87ed2af73d02bebeb11fbe",3,10,0,0,4,0,6,0,0,0,0,13,0,18,4,9,14,10,15,7,0,0,0,0
"132","Fungi_unclassified_unclassified_unclassified_unclassified_unclassified_unclassified_861fa7868a75fdc2269d2fa7bbc85573",24,0,0,0,0,12,13,0,0,10,0,38,0,0,4,11,0,0,0,0,10,25,0,0
"133","Fungi_Glomeromycota_Glomeromycetes_Glomerales_Glomeraceae_Septoglomus_Septoglomus_sp_8d03350ffb360c00cfa4fc80138b1752",99,0,0,0,87,0,0,0,0,21,0,0,0,63,0,25,0,0,0,7,0,0,23,28
"134","Fungi_unclassified_unclassified_unclassified_unclassified_unclassified_unclassified_0b7ee1958f68c82b823cbf513d06c502",43,0,1,4,66,10,0,0,0,0,0,0,0,0,0,0,0,0,0,1,24,0,0,0
"135","Fungi_Ascomycota_Dothideomycetes_Pleosporales_Pleosporaceae_Alternaria_unclassified_0295097a99ff182f719b221bb51cc414",0,0,0,0,0,0,0,0,0,0,0,0,0,0,0,0,0,0,0,0,0,0,0,32
"136","Fungi_Calcarisporiellomycota_Calcarisporiellomycetes_Calcarisporiellales_Calcarisporiellaceae_Calcarisporiella_Calcarisporiella_thermophila_b5355017e786eb2e91e95f18d6ebd6de",0,0,0,0,0,0,0,0,0,0,0,0,0,0,0,13,0,0,0,0,0,12,0,0
"137","Fungi_Ascomycota_Dothideomycetes_Capnodiales_Cladosporiaceae_Cladosporium_Cladosporium_halotolerans_ba4a9f9487e4860b0413cf8504c0870b",0,8,0,0,0,0,0,0,15,0,0,0,0,0,0,12,0,0,0,23,71,0,20,37
"138","Fungi_Glomeromycota_Glomeromycetes_Glomerales_Glomeraceae_Funneliformis_Funneliformis_mosseae_a130bc6d32c696565fc97a677796b826",0,0,0,0,84,0,0,0,0,0,0,0,0,0,0,0,0,0,49,0,0,0,0,0
"139","Fungi_Ascomycota_Sordariomycetes_Sordariales_Lasiosphaeriaceae_Schizothecium_unclassified_a2f62aca6844e4e4f46f003922d56861",0,0,0,0,0,0,57,29,0,0,23,0,0,0,0,0,0,0,0,0,0,22,0,0
"140","Fungi_unclassified_unclassified_unclassified_unclassified_unclassified_unclassified_70f6aa041db96ab07bdbf6b2d72b1c23",10,5,7,0,4,0,0,63,3,32,0,0,3,0,13,27,0,0,0,2,28,17,0,2
"141","Fungi_unclassified_unclassified_unclassified_unclassified_unclassified_unclassified_700376ff87730ae092cf4c412c4334f6",4,0,0,3,0,0,2,0,0,0,0,3,8,9,0,4,0,5,1,0,0,0,0,0
"142","Fungi_Ascomycota_Sordariomycetes_Sordariales_Chaetomiaceae_Allocanariomyces_Allocanariomyces_tritici_7df7a2d07948809df984e43a2448502e",0,0,0,0,0,0,0,0,0,0,0,0,0,0,0,0,0,0,0,0,0,0,30,0
"143","Fungi_Mortierellomycota_Mortierellomycetes_Mortierellales_Mortierellaceae_Mortierella_unclassified_9d6588585d7fe2817627700167c8ffd9",0,12,8,0,16,17,26,4,7,4,7,29,0,53,0,0,8,12,6,15,0,0,0,0
"144","Fungi_Ascomycota_Dothideomycetes_Pleosporales_Sporormiaceae_Preussia_Preussia_globosa_72f058f625faae95cc8440e32b3165d1",0,0,0,0,0,0,10,0,0,0,0,0,0,0,666,0,0,0,0,0,0,0,0,0
"145","Fungi_Ascomycota_Sordariomycetes_Sordariales_Sordariales_fam_Incertae_sedis_Madurella_Madurella_tropicana_b3cbdb329c8f009ef0822673e2bed34b",0,0,0,0,0,0,39,0,0,0,0,22,0,0,0,0,0,0,0,0,0,0,0,0
"146","Fungi_Ascomycota_Dothideomycetes_Pleosporales_Sporormiaceae_Preussia_Preussia_sp_c76f4f0e3be2fc6c1fbf58ea5e5714fb",0,0,0,0,0,0,0,0,0,29,0,59,0,0,0,0,0,39,0,14,0,0,0,0
"147","Fungi_Ascomycota_Eurotiomycetes_Onygenales_Onygenaceae_Chrysosporium_Chrysosporium_lobatum_553558734f994eb6dda2f501d3342b69",12,0,15,0,0,0,0,6,3,0,0,0,0,14,8,3,0,10,0,3,6,7,0,0
"148","Fungi_unclassified_unclassified_unclassified_unclassified_unclassified_unclassified_6281fdba30f590a7e38bb54881499b04",0,0,0,44,0,0,0,0,0,0,0,0,0,0,0,42,0,0,0,9,0,0,0,0
"149","Fungi_Ascomycota_Sordariomycetes_Sordariales_Lasiosphaeriaceae_Schizothecium_Schizothecium_inaequale_e25826df214510cfb865e1689050b95a",0,0,0,0,0,0,0,26,0,0,0,0,0,0,0,0,0,18,0,0,0,0,0,0
"150","Fungi_Ascomycota_Pezizomycetes_Pezizales_Pyronemataceae_Scutellinia_Scutellinia_scutellata_e107ee39a291088c9d5404e0a86209f6",16,5,0,0,13,6,0,2,1,0,0,0,0,26,0,3,2,8,0,21,4,22,0,0
"151","Fungi_Ascomycota_Orbiliomycetes_Orbiliales_Orbiliaceae_Arthrobotrys_Arthrobotrys_sp_cb757376651d5057137d047c17858958",0,0,0,0,38,0,0,0,0,121,0,0,0,0,0,0,0,0,0,0,0,0,0,0
"152","Fungi_Ascomycota_Pezizomycetes_Pezizales_Ascodesmidaceae_Cephaliophora_Cephaliophora_sp_944765eb377c2bf09d3ec1795e12a7ad",4,14,0,0,0,0,0,1,7,21,0,0,0,2,0,0,0,9,3,0,0,0,0,12
"153","Fungi_Mortierellomycota_Mortierellomycetes_Mortierellales_Mortierellaceae_Mortierella_Mortierella_alpina_d2cb4e14fa0bff1d217f1e51730659bc",8,3,0,0,0,0,0,0,0,5,0,8,6,0,0,0,0,8,5,0,0,0,0,0
"154","Fungi_Calcarisporiellomycota_Calcarisporiellomycetes_Calcarisporiellales_Calcarisporiellaceae_Calcarisporiella_Calcarisporiella_thermophila_61790a31367fa2446ac360aa742621a4",0,0,0,0,0,2,0,0,0,1,0,0,0,0,0,0,0,0,0,0,0,18,0,0
"155","Fungi_Ascomycota_Sordariomycetes_Sordariales_Chaetomiaceae_Ovatospora_Ovatospora_mollicella_2aaffbcd30e6bc96e65ab9d784ebad92",0,0,0,0,0,0,0,0,0,0,0,0,0,0,0,0,0,16,0,0,0,0,0,0
"156","Fungi_Mortierellomycota_Mortierellomycetes_Mortierellales_Mortierellaceae_Mortierellaceae_gen_Incertae_sedis_Mortierellaceae_sp_a71ed576b7d412bd081503356e82b07a",0,0,0,27,21,0,19,0,20,11,19,0,0,0,0,0,5,30,6,0,44,0,0,9
"157","Fungi_Glomeromycota_Paraglomeromycetes_Paraglomerales_Pervetustaceae_Pervetustaceae_gen_Incertae_sedis_Pervetustaceae_sp_8c241628c5ba7d54515dc11e64e75db2",0,0,0,10,0,0,9,1,0,0,0,15,12,0,0,0,0,0,0,0,0,0,0,0
"158","Fungi_Ascomycota_Sordariomycetes_Xylariales_Diatrypaceae_Monosporascus_Monosporascus_sp_3c1879e4bf539ee49caa0e9d65a1ea4f",0,0,0,0,0,0,0,0,0,0,0,0,0,0,21,0,0,0,0,0,0,0,0,0
"159","Fungi_unclassified_unclassified_unclassified_unclassified_unclassified_unclassified_8a958467716cee4ae82fa639ac09b5f6",31,0,0,0,72,0,0,0,0,46,0,0,0,0,100,0,0,12,0,0,0,0,0,0
"160","Fungi_Ascomycota_Sordariomycetes_Sordariales_unclassified_unclassified_unclassified_4e67552b4464f9913d54295f5e2ba343",0,0,0,175,0,0,0,0,0,0,0,0,10,63,0,0,0,0,0,0,0,0,0,0
"161","Fungi_Basidiomycota_Agaricomycetes_Corticiales_Corticiaceae_Waitea_Waitea_circinata_31f9ce69cee0de27e507b5dd09e12cca",26,0,0,0,0,0,7,0,0,0,0,0,0,0,0,0,0,0,0,0,0,0,0,0
"162","Fungi_Glomeromycota_Glomeromycetes_Glomerales_Glomeraceae_Glomeraceae_gen_Incertae_sedis_Glomeraceae_sp_743672988add2946e4b0de5991eccd4a",0,22,0,13,0,0,30,0,37,0,0,0,0,22,0,0,13,35,0,0,0,0,0,0
"163","Fungi_Basidiomycota_Agaricomycetes_Agaricales_Entolomataceae_Entoloma_Entoloma_incarnatofuscescens_4b3ffeaace8ae463013076f2dac65b6f",3,5,0,0,23,0,1,0,0,0,0,3,0,15,4,6,9,8,2,0,4,0,0,1
"164","Fungi_Ascomycota_Sordariomycetes_unclassified_unclassified_unclassified_unclassified_84bb202a6e73c1350e937c744388e33f",59,0,0,0,0,0,0,0,0,0,1,0,0,0,0,4,1,0,3,0,91,0,0,0
"165","Fungi_Ascomycota_Sordariomycetes_unclassified_unclassified_unclassified_unclassified_0a5cf29b58d3b0e8732ecb5baebd055f",0,14,0,5,7,1,18,0,0,0,0,4,0,0,0,3,0,0,0,79,73,0,18,4
"166","Fungi_Basidiomycota_Tremellomycetes_Filobasidiales_Filobasidiaceae_Filobasidium_Filobasidium_magnum_de7783a444ca551e84b76f1b74e2db75",0,0,0,0,0,4,4,0,0,0,0,0,0,0,0,0,0,0,0,0,50,2,0,17
"167","Fungi_Ascomycota_Sordariomycetes_Sordariales_Naviculisporaceae_Pseudorhypophila_Pseudorhypophila_marina_93c3ead94194e73a6dbc5b5c353ec618",0,0,0,0,55,0,7,0,0,0,0,0,0,0,0,0,8,0,2,0,0,0,0,6
"168","Fungi_Ascomycota_Sordariomycetes_Branch06_Branch06_fam_Incertae_sedis_Branch06_gen_Incertae_sedis_Branch06_sp_5fcab37a2989ff02829e8ebd8f03cfdf",0,47,0,0,0,0,0,0,0,0,0,0,0,0,0,10,0,0,0,0,0,0,0,0
"169","Fungi_Ascomycota_Dothideomycetes_Pleosporales_Sporormiaceae_Preussia_Preussia_sp_cc9d91dce30338e5c516f778527927fb",0,0,10,10,0,0,0,5,0,9,0,10,6,0,0,18,0,0,0,0,0,0,0,12
"170","Fungi_Glomeromycota_Glomeromycetes_Glomerales_Glomeraceae_unclassified_unclassified_bd02709e3ca000581cc08afc9df9cf0b",0,0,25,0,0,0,0,0,0,0,20,0,10,0,19,0,0,32,20,0,0,0,0,0
"171","Fungi_Ascomycota_Sordariomycetes_Sordariales_Lasiosphaeriaceae_Zygopleurage_Zygopleurage_sp_af5e14d5f8ac93f4ef24d51d1aced722",0,0,0,0,0,0,5,0,0,25,0,2,0,0,1,0,0,7,0,0,0,6,0,0
"172","Fungi_Basidiomycota_Microbotryomycetes_Sporidiobolales_Sporidiobolaceae_Rhodotorula_Rhodotorula_graminis_12d80260887332b400b7dc370f7128ca",0,0,0,0,0,0,0,0,0,0,0,0,0,0,0,0,0,0,0,0,12,0,0,11
"173","Fungi_Ascomycota_Sordariomycetes_Lulworthiales_Lulworthiaceae_Lulworthiaceae_gen_Incertae_sedis_Lulworthiaceae_sp_f27adfed16d343aabef0234216acf882",0,0,0,0,0,0,0,0,15,0,0,0,0,0,0,0,0,0,0,0,0,0,0,0
"174","Fungi_Rozellomycota_Rozellomycota_cls_Incertae_sedis_Rozellomycota_ord_Incertae_sedis_Rozellomycota_fam_Incertae_sedis_Rozellomycota_gen_Incertae_sedis_Rozellomycota_sp_db79e4121b1894acb51635bc0551789d",3,0,0,0,3,0,0,2,0,0,0,0,0,0,0,0,4,10,0,0,0,0,0,0
"175","Fungi_unclassified_unclassified_unclassified_unclassified_unclassified_unclassified_e24658d17c242d0c7405a701f81f0ac2",0,0,0,0,0,0,0,0,0,0,0,0,321,0,0,0,0,0,0,0,0,0,0,0
"176","Fungi_unclassified_unclassified_unclassified_unclassified_unclassified_unclassified_9b4fa1d8c77eb3ad2a5751f66c25d6a3",37,0,19,0,0,0,0,0,0,0,0,0,3,0,0,0,0,0,0,0,0,0,0,0
"177","Fungi_Ascomycota_Sordariomycetes_Sordariales_unclassified_unclassified_unclassified_d18c2ec9ac6ccf6928c8076f2054c9f8",0,0,0,111,0,0,192,0,0,0,0,0,0,0,0,0,0,0,0,0,0,0,0,0
"178","Fungi_Ascomycota_Sordariomycetes_unclassified_unclassified_unclassified_unclassified_55b13d2d0d0b466b03bf25e83f5c8b9b",0,0,0,0,0,0,0,0,0,0,0,0,0,0,0,0,0,0,25,49,0,0,0,0
"179","Fungi_Ascomycota_Sordariomycetes_unclassified_unclassified_unclassified_unclassified_0ea1f2793f8ef4fe979402d072c2e172",0,0,0,0,0,0,0,2,1,0,0,0,0,0,0,0,0,0,0,0,0,0,0,21
"180","Fungi_Ascomycota_Sordariomycetes_Coniochaetales_Coniochaetaceae_Coniochaeta_Coniochaeta_sp_844e9db295b8717aa6c0d4bacf7827f8",7,0,2,3,14,0,0,0,1,11,4,5,5,10,0,15,4,4,0,4,0,0,0,0
"181","Fungi_Ascomycota_Sordariomycetes_Hypocreales_Hypocreaceae_Kiflimonium_Kiflimonium_curvulum_2ca8384c5e12735833182446c76ab367",0,9,0,1,0,0,0,0,0,0,0,0,0,0,0,0,0,0,0,0,3,0,6,11
"182","Fungi_Ascomycota_Dothideomycetes_Pleosporales_Pleosporaceae_Curvularia_Curvularia_fallax_86b9877b9fed75133bf20249f42a981c",0,0,0,0,0,11,40,0,0,0,0,0,0,0,0,0,0,0,0,23,0,0,0,4
"183","Fungi_Glomeromycota_Glomeromycetes_Glomerales_Glomeraceae_Rhizophagus_Rhizophagus_sp_2d7ce04711aa3846fddfcd63662a9297",0,0,0,0,69,0,0,0,0,0,0,0,0,0,0,0,0,0,20,0,0,0,0,0
"184","Fungi_unclassified_unclassified_unclassified_unclassified_unclassified_unclassified_e96a8b1e9df428fc5cb2f735b13850a8",8,0,0,1,8,0,0,0,0,0,0,7,0,8,0,4,0,2,4,1,0,0,1,0
"185","Fungi_unclassified_unclassified_unclassified_unclassified_unclassified_unclassified_e9566711bc76fa337041478485c98e1c",0,0,0,0,0,0,0,0,0,0,0,107,0,0,0,25,0,0,0,0,0,0,0,17
"186","Fungi_Glomeromycota_Glomeromycetes_Glomerales_Glomeraceae_Funneliformis_Funneliformis_mosseae_442782ac585085e032cddad2fe531a8e",0,0,0,0,0,0,0,0,0,0,0,0,16,0,0,0,0,0,0,0,0,0,8,0
"187","Fungi_Basidiomycota_Agaricomycetes_Corticiales_Corticiaceae_Waitea_Waitea_circinata_943cddda6adc08cb7ae8962137a6ae1b",0,0,6,0,0,0,0,4,0,0,15,0,0,0,0,0,0,0,0,0,0,4,0,0
"188","Fungi_Ascomycota_Sordariomycetes_Hypocreales_Hypocreales_fam_Incertae_sedis_Hypocreales_gen_Incertae_sedis_Hypocreales_sp_521e74246fa8f8a60fec5aa5c578f1f5",0,0,0,0,0,0,0,0,0,0,1,0,0,0,0,92,0,0,0,28,0,0,0,0
"189","Fungi_Glomeromycota_Glomeromycetes_Glomerales_Glomeraceae_Septoglomus_unclassified_dbdbd970cd23ef7628a83a75d985d836",38,0,0,0,0,18,0,0,0,17,8,0,0,25,0,16,0,0,0,0,0,0,0,0
"190","Fungi_Glomeromycota_Paraglomeromycetes_Paraglomerales_Pervetustaceae_Pervetustaceae_gen_Incertae_sedis_Pervetustaceae_sp_18245a8c2eab1b152b1c25ce5ffb2d1b",0,0,0,2,0,0,0,3,0,1,0,0,0,0,0,0,0,0,0,0,0,0,0,0
"191","Fungi_Glomeromycota_Glomeromycetes_Glomerales_Glomeraceae_unclassified_unclassified_4540b0c392184b5ebcedea0732563515",0,0,0,0,0,0,0,0,19,0,0,0,28,0,21,21,5,62,39,0,0,0,0,0
"192","Fungi_Glomeromycota_Glomeromycetes_Glomerales_Glomeraceae_Rhizophagus_Rhizophagus_custos_8dac40f0191c1a4f0d774563cffbae04",0,26,0,0,0,0,40,0,0,0,0,0,0,0,0,0,0,0,0,0,0,0,0,47
"193","Fungi_Glomeromycota_Glomeromycetes_Glomerales_Glomeraceae_Funneliformis_Funneliformis_mosseae_4a6cf0d907af613513a265d35ed0c32e",0,0,0,0,0,0,0,0,0,0,0,0,0,0,0,0,0,0,22,0,0,0,0,0
"194","Fungi_Ascomycota_Sordariomycetes_Hypocreales_Nectriaceae_Bisifusarium_Bisifusarium_delphinoides_072d1d528ab518c646cf7e9244289d8f",8,1,0,0,0,0,0,0,0,0,0,0,0,0,0,0,0,0,0,0,0,0,0,0
"195","Fungi_Glomeromycota_Glomeromycetes_Glomerales_Glomeraceae_Septoglomus_unclassified_23cebcd3c7e12ffbb3e71653fbcc8163",0,26,8,14,20,0,8,0,0,0,0,0,9,0,0,0,0,0,0,0,17,0,0,37
"196","Fungi_Ascomycota_Sordariomycetes_Sordariales_Chaetomiaceae_Chaetomiaceae_gen_Incertae_sedis_Chaetomiaceae_sp_417391bace3e1add6a96a8a271159667",0,0,0,0,0,0,0,2,0,0,0,0,0,0,0,0,0,0,5,14,0,0,0,0
"197","Fungi_unclassified_unclassified_unclassified_unclassified_unclassified_unclassified_85e9a4340f36f8ddabaaac3f0d8f336a",0,1,32,0,26,0,7,8,13,5,0,6,15,0,14,0,0,15,0,0,0,0,0,0
"198","Fungi_Ascomycota_Eurotiomycetes_Eurotiales_Aspergillaceae_Aspergillus_Aspergillus_flavus_e9af39e705e63c1e9b916bc6b8816f79",0,28,0,0,57,0,0,0,0,0,0,0,0,0,0,0,0,0,0,0,0,0,0,0
"199","Fungi_Ascomycota_Sordariomycetes_Hypocreales_Nectriaceae_Fusarium_Fusarium_fujikuroi_43f877eb04296eac51579e1d27fa346f",0,0,0,0,0,0,0,0,0,0,0,0,0,0,0,0,0,0,0,69,0,0,0,0
"200","Fungi_Glomeromycota_Glomeromycetes_Glomerales_Glomeraceae_Glomeraceae_gen_Incertae_sedis_Glomeraceae_sp_3894ec76fad5fbf9265db78adf565b57",0,0,4,0,0,12,10,0,0,0,0,0,0,0,0,0,0,7,0,0,0,0,0,0
"201","Fungi_unclassified_unclassified_unclassified_unclassified_unclassified_unclassified_ff8398ba93fd026958c610210a567a75",0,0,0,5,0,11,0,0,0,0,0,0,0,0,0,6,3,0,0,15,11,0,0,0
"202","Fungi_unclassified_unclassified_unclassified_unclassified_unclassified_unclassified_01c1843e1d6ada28dfc87323d9d3149f",0,0,0,0,0,0,0,0,0,0,0,0,0,0,79,0,0,0,0,0,0,0,0,0
"203","Fungi_unclassified_unclassified_unclassified_unclassified_unclassified_unclassified_b461803ce31f330de0931ca0cbbbc4b3",0,0,0,0,0,0,0,0,0,0,0,0,0,0,21,0,33,0,0,0,0,0,85,0
"204","Fungi_Ascomycota_Dothideomycetes_Pleosporales_Sporormiaceae_unclassified_unclassified_7745acbab56574932c8fc12cc8e3a711",0,0,0,0,0,0,0,0,94,0,0,0,0,0,0,0,0,0,82,0,0,0,0,0
"205","Fungi_Ascomycota_Sordariomycetes_unclassified_unclassified_unclassified_unclassified_74c834d7751f2559f0b3da230671c9f0",0,0,0,0,0,0,5,3,0,0,0,0,0,0,0,0,0,0,0,0,4,0,0,0
"206","Fungi_Basidiomycota_Agaricomycetes_Cantharellales_Ceratobasidiaceae_unclassified_unclassified_7088eadc1b364c428652a73084937251",42,0,96,0,0,0,0,0,0,0,10,0,0,3,0,0,0,0,0,0,0,0,0,0
"207","Fungi_unclassified_unclassified_unclassified_unclassified_unclassified_unclassified_9d5d0e886528c0b185a39bd957b28061",0,6,0,0,0,0,0,0,0,0,0,0,0,0,0,0,0,0,0,0,0,7,21,0
"208","Fungi_unclassified_unclassified_unclassified_unclassified_unclassified_unclassified_61d451dab4f8d3e49944306f2485c4d4",0,0,0,1,0,0,0,0,0,0,0,0,0,0,0,0,0,0,0,84,0,0,0,0
"209","Fungi_unclassified_unclassified_unclassified_unclassified_unclassified_unclassified_da09f7442436b9fc85af67e8f029128b",0,0,0,0,0,0,27,0,0,0,0,0,0,0,0,44,0,0,0,0,0,0,0,0
"210","Fungi_Mortierellomycota_Mortierellomycetes_Mortierellales_Mortierellaceae_Mortierella_unclassified_4150fbf5dbac2486940706a04acf9530",0,0,0,0,0,7,0,0,0,0,0,13,0,0,0,0,0,0,0,0,39,0,0,0
"211","Fungi_Ascomycota_Sordariomycetes_Hypocreales_Hypocreales_fam_Incertae_sedis_Hypocreales_gen_Incertae_sedis_Hypocreales_sp_407870b5892c179d1983571aef2f988c",0,181,0,0,0,0,0,0,22,0,0,0,0,0,0,0,0,0,0,0,0,0,0,0
"212","Fungi_unclassified_unclassified_unclassified_unclassified_unclassified_unclassified_d21d9b2bc12509414fe524790d61b317",0,0,0,0,0,0,0,0,0,0,0,0,0,0,0,0,0,272,0,0,0,0,0,0
"213","Fungi_Ascomycota_Sordariomycetes_Branch06_Branch06_fam_Incertae_sedis_Branch06_gen_Incertae_sedis_Branch06_sp_d6def105fcebeb76eb8a5c703e8c4e20",24,0,0,0,0,0,57,0,0,0,0,0,0,0,0,0,0,0,0,0,0,0,0,0
"214","Fungi_Ascomycota_Sordariomycetes_Hypocreales_Hypocreales_fam_Incertae_sedis_Acremonium_Acremonium_acutatum_a6141c0f6bb3750205c3cda5167476f3",0,0,0,0,3,0,0,0,0,0,0,0,0,0,0,0,0,0,0,0,0,0,0,0
"215","Fungi_Glomeromycota_Glomeromycetes_Glomerales_Glomeraceae_Septoglomus_Septoglomus_sp_5a62fddc39f01f8e9cef8a0a6d2ec2df",30,0,0,17,14,15,0,0,0,0,0,0,10,11,0,13,0,0,0,0,12,0,0,26
"216","Fungi_Ascomycota_Pezizomycotina_cls_Incertae_sedis_Pezizomycotina_ord_Incertae_sedis_Pezizomycotina_fam_Incertae_sedis_Hormiactis_Hormiactis_sp_36ded8d110aab80c6740dee6ae4a598c",0,4,4,2,0,0,0,0,0,0,0,0,0,0,0,4,0,0,0,3,0,0,0,0
"217","Fungi_Ascomycota_Sordariomycetes_Sordariales_Sordariaceae_unclassified_unclassified_59ec25c8eb4f24c78f693fee2b3a5251",135,0,0,0,0,0,0,0,0,0,0,0,0,0,0,77,0,0,0,0,0,0,0,0
"218","Fungi_Ascomycota_Sordariomycetes_Sordariales_unclassified_unclassified_unclassified_db5db5a8904f8043b0751ca28ae7dac0",0,0,0,0,0,0,0,0,0,0,0,0,0,0,6,0,0,0,0,0,0,0,0,0
"219","Fungi_unclassified_unclassified_unclassified_unclassified_unclassified_unclassified_2372ef8b67c7e67d1227b3d5a02fba60",0,0,0,0,0,0,0,0,0,0,0,0,0,0,0,49,0,0,0,0,0,0,0,0
"220","Fungi_Ascomycota_Leotiomycetes_Helotiales_Helotiaceae_Scytalidium_Scytalidium_sphaerosporum_f58c597c8fe599cbee414268c9af2e93",0,0,0,0,0,3,4,0,4,9,0,0,0,0,0,0,4,0,0,4,0,0,0,0
"221","Fungi_Ascomycota_Eurotiomycetes_Eurotiales_Aspergillaceae_Talaromyces_Talaromyces_pinophilus_1b059b536a76ee3085da1521df12c5b4",0,0,0,0,0,0,0,0,0,0,0,0,0,0,0,138,0,0,0,26,0,0,0,0
"222","Fungi_Ascomycota_Sordariomycetes_Hypocreales_Cordycipitaceae_Beauveria_Beauveria_sp_7a2294aaefcbe1c956a38397dd12000a",0,1,0,0,0,0,16,0,0,0,0,6,0,0,0,13,0,0,1,1,6,0,0,7
"223","Fungi_Ascomycota_Eurotiomycetes_Eurotiales_Aspergillaceae_Aspergillus_Aspergillus_ochraceus_1edcc4da35a309b22a72183bf3cbeb99",0,0,0,0,0,26,0,0,0,0,0,0,0,0,0,0,0,0,0,0,0,0,0,0
"224","Fungi_Ascomycota_Sordariomycetes_Xylariales_Diatrypaceae_Monosporascus_Monosporascus_sp_ea7c9987f4191d40ed9926bf942fc2ec",0,0,10,0,0,0,0,0,0,0,0,0,0,0,0,0,0,0,30,0,0,0,0,0
"225","Fungi_Glomeromycota_Glomeromycetes_Glomerales_Glomeraceae_unclassified_unclassified_62c62392b5f43cda20577256f55085d1",0,0,0,0,0,0,0,0,0,0,0,0,25,0,0,0,0,0,0,0,0,0,0,0
"226","Fungi_Ascomycota_Sordariomycetes_Sordariales_Lasiosphaeriaceae_Zygopleurage_Zygopleurage_sp_875d11b2ce77533a299eb6d388114438",0,0,0,9,0,0,0,0,0,0,6,0,0,0,0,0,0,0,0,0,0,0,0,0
"227","Fungi_Ascomycota_Sordariomycetes_unclassified_unclassified_unclassified_unclassified_4427bb22c818e334d8b3783654dbd976",0,0,0,4,0,0,0,0,0,0,0,0,0,0,0,0,0,0,0,0,0,0,0,0
"228","Fungi_unclassified_unclassified_unclassified_unclassified_unclassified_unclassified_eacf74aac57de193b5e43fc871b43ba1",0,40,0,0,0,0,0,0,0,0,0,0,0,0,0,0,0,0,0,0,0,0,0,0
"229","Fungi_Ascomycota_Sordariomycetes_Lulworthiales_Lulworthiaceae_Lulworthiaceae_gen_Incertae_sedis_Lulworthiaceae_sp_580c7ec6dc1c91e3e81e74463475459b",0,0,0,0,0,0,0,0,0,0,0,0,0,31,0,0,0,0,0,0,0,0,0,0
"230","Fungi_Ascomycota_Sordariomycetes_Hypocreales_Nectriaceae_Fusarium_Fusarium_chlamydosporum_ad0dd9b4fa1cf702d5d58ee24a8e7bcf",0,0,0,0,0,0,0,0,0,0,0,0,0,0,0,0,0,0,0,17,0,0,0,0
"231","Fungi_unclassified_unclassified_unclassified_unclassified_unclassified_unclassified_65f435f8b3f2fb826a1443eeddb01e3e",0,14,0,0,30,3,0,0,0,0,0,6,0,0,0,0,0,0,24,15,0,6,0,0
"232","Fungi_Chytridiomycota_GS13_GS13_ord_Incertae_sedis_GS13_fam_Incertae_sedis_GS13_gen_Incertae_sedis_GS13_sp_1b043ddfcca6150ffb9265e749772b8d",0,0,0,0,0,0,0,0,0,0,0,0,0,0,0,0,0,0,0,0,8,0,28,0
"233","Fungi_Ascomycota_Sordariomycetes_Branch06_Branch06_fam_Incertae_sedis_Branch06_gen_Incertae_sedis_Branch06_sp_8f7e6855a856cb18fa29db736b63f043",0,0,0,0,0,0,0,0,36,0,0,0,41,0,0,0,0,0,0,0,0,0,0,0
"234","Fungi_Mucoromycota_Mucoromycetes_Mucorales_Rhizopodaceae_Rhizopus_Rhizopus_arrhizus_dde53d93df8e2c7f4901e7ed97745a92",0,0,0,0,0,0,0,0,0,0,0,0,0,0,100,0,0,0,0,0,0,0,0,0
"235","Fungi_Ascomycota_Sordariomycetes_Hypocreales_Nectriaceae_unclassified_unclassified_bcbee59ce1c717160428ffcbabc3947d",0,35,0,0,0,0,0,0,0,0,0,0,0,0,0,0,0,0,0,0,0,0,0,0
"236","Fungi_Mortierellomycota_Mortierellomycetes_Mortierellales_Mortierellaceae_Mortierella_Mortierella_sp_33989899dacf28369976e2ac363a9d8e",0,0,0,0,0,0,0,0,0,0,0,0,0,0,0,0,0,0,0,0,0,0,0,92
"237","Fungi_unclassified_unclassified_unclassified_unclassified_unclassified_unclassified_0d1e1700370f2bdbb8522318725c6cfe",0,0,0,22,0,0,0,0,0,0,0,0,0,0,0,0,0,0,0,0,0,0,0,0
"238","Fungi_Glomeromycota_Glomeromycetes_Glomerales_Glomeraceae_Funneliformis_Funneliformis_mosseae_9774b4adaa7559434ed8b66eefbb1908",0,0,0,0,0,0,0,10,0,0,0,0,0,0,0,0,0,0,0,0,0,0,0,0
"239","Fungi_Ascomycota_Sordariomycetes_Sordariales_Sordariaceae_Neurospora_unclassified_dd9fe73ae55defd0e8ede2df146bde6c",0,0,0,0,0,0,62,0,0,0,0,25,0,0,0,0,0,0,0,0,0,0,0,0
"240","Fungi_unclassified_unclassified_unclassified_unclassified_unclassified_unclassified_0fea26f8f2fc3b99ac25c434a867021f",0,0,0,0,0,1,0,19,0,0,0,0,0,0,0,0,0,0,0,0,0,0,0,4
"241","Fungi_Ascomycota_Sordariomycetes_Hypocreales_Stachybotryaceae_Albifimbria_Albifimbria_verrucaria_0700cbc81500afa4bd27b85f0a908d7f",0,0,0,0,0,0,0,0,0,0,0,0,0,0,8,0,0,0,0,0,0,0,0,0
"242","Fungi_Ascomycota_Sordariomycetes_Sordariales_Chaetomiaceae_unclassified_unclassified_43d94ca754bf823cb2fd7acf1b54cde1",0,10,0,0,0,5,0,0,0,0,0,0,0,0,0,0,0,0,0,0,0,0,0,0
"243","Fungi_Glomeromycota_Paraglomeromycetes_Paraglomerales_Pervetustaceae_Pervetustaceae_gen_Incertae_sedis_Pervetustaceae_sp_0e18aed1c33b781724f2f160277cb5d4",0,0,0,0,0,0,0,0,0,0,0,5,0,0,0,0,0,0,0,0,0,0,0,0
"244","Fungi_Mortierellomycota_unclassified_unclassified_unclassified_unclassified_unclassified_c90c0a27fcea4c7d2fd586b862c4e470",0,0,0,0,0,0,0,0,178,0,0,0,0,0,0,0,0,0,0,0,0,0,0,0
"245","Fungi_Ascomycota_Sordariomycetes_Sordariales_Chaetomiaceae_Hyalosphaerella_Hyalosphaerella_fragilis_4bec0ff9018064d50fac26256474d3cd",0,0,0,0,0,0,0,0,0,0,0,0,0,0,0,82,0,0,0,0,0,0,0,0
"246","Fungi_unclassified_unclassified_unclassified_unclassified_unclassified_unclassified_47c866522f507673489a421137d80cbf",0,0,0,0,0,3,0,0,0,0,0,0,39,0,0,10,2,2,4,2,0,0,0,5
"247","Fungi_Ascomycota_Sordariomycetes_Hypocreales_Hypocreales_fam_Incertae_sedis_Fusariella_unclassified_7b8c5ed9db3a3d58b3a3ad225fda51be",0,0,0,0,0,0,16,0,0,0,0,0,0,0,0,0,0,0,0,7,0,0,0,0
"248","Fungi_Ascomycota_Sordariomycetes_Microascales_Microascaceae_Pithoascus_Pithoascus_sp_38a8e4b6f86e23f6fe353532140ce538",0,0,0,0,0,0,0,0,0,0,0,0,0,0,0,0,0,0,0,4,0,0,0,0
"249","Fungi_unclassified_unclassified_unclassified_unclassified_unclassified_unclassified_0a329ac91be64383daf77ed1166370ab",1,0,0,0,3,0,0,0,0,0,0,0,0,0,0,0,0,0,0,0,0,0,0,0
"250","Fungi_Glomeromycota_Glomeromycetes_Glomerales_Glomeraceae_Rhizophagus_Rhizophagus_sp_d027b206d492fee5af0ffc4153db0182",0,9,0,0,0,0,0,0,0,0,0,0,0,0,0,0,0,0,0,0,0,0,0,0
"251","Fungi_unclassified_unclassified_unclassified_unclassified_unclassified_unclassified_ed1365c267b1c4799a6de0ed141e63c7",0,0,2,0,0,0,0,2,0,0,0,5,0,0,0,0,0,0,0,0,0,0,0,0
"252","Fungi_Ascomycota_Sordariomycetes_Sordariales_Chaetomiaceae_Hyalosphaerella_Hyalosphaerella_fragilis_7337a8a4516128e5765b084cb6e10397",0,0,0,0,0,0,0,0,0,0,0,131,0,0,0,0,0,0,0,0,0,0,0,0
"253","Fungi_Glomeromycota_Glomeromycetes_Glomerales_Glomeraceae_unclassified_unclassified_83067b1f7bc893c14cab9bc2a7f2dae4",0,9,0,6,0,7,0,11,0,0,0,0,0,0,0,0,0,0,0,0,0,0,0,0
"254","Fungi_Basidiomycota_Tremellomycetes_Filobasidiales_Filobasidiaceae_Filobasidium_Filobasidium_oeirense_6e1da7e6981d91104fe20849c4cdb005",0,0,0,0,0,0,4,0,0,0,0,0,0,0,0,0,0,0,0,0,19,0,0,0
"255","Fungi_Ascomycota_Dothideomycetes_Pleosporales_Pleosporaceae_Alternaria_Alternaria_sp_d4c27a96404796545fb072b7120429e2",0,28,46,0,9,25,0,0,0,0,0,0,0,0,8,0,0,0,0,0,0,0,0,0
"256","Fungi_unclassified_unclassified_unclassified_unclassified_unclassified_unclassified_3396369cd86d5c1ae54d6c9c12fff02a",0,0,0,0,0,0,0,0,0,0,0,0,0,0,0,0,0,0,16,0,0,0,0,0
"257","Fungi_Basidiomycota_Tremellomycetes_Filobasidiales_Filobasidiaceae_Naganishia_Naganishia_albida_8a0dfb1da454536c521206e716f726fa",6,0,0,0,0,0,0,0,0,0,0,0,0,0,0,0,0,0,0,0,55,0,0,0
"258","Fungi_Glomeromycota_Glomeromycetes_Glomerales_Glomeraceae_Septoglomus_Septoglomus_sp_aa0ae4c5ba8515944de6a47068c9f087",0,7,7,0,0,0,9,0,0,0,0,0,0,0,0,0,0,0,0,0,0,0,0,0
"259","Fungi_Blastocladiomycota_Blastocladiomycota_cls_Incertae_sedis_Blastocladiomycota_ord_Incertae_sedis_Blastocladiomycota_fam_Incertae_sedis_Blastocladiomycota_gen_Incertae_sedis_Blastocladiomycota_sp_035b50f808b955be3f7b318c05051928",40,0,0,0,0,0,0,78,0,0,0,0,0,0,0,0,0,0,0,0,0,0,0,0
"260","Fungi_Ascomycota_Dothideomycetes_Pleosporales_Pleosporaceae_Stemphylium_Stemphylium_vesicarium_e36f996427f851d3b793e87bd1c3c0b9",0,11,0,0,0,0,0,0,0,0,0,0,0,0,0,0,0,0,0,0,0,4,0,0
"261","Fungi_unclassified_unclassified_unclassified_unclassified_unclassified_unclassified_d726983242a36b272e1e813407e79299",0,0,0,0,0,0,52,0,10,0,0,0,0,0,0,21,0,0,0,0,0,0,0,0
"262","Fungi_Basidiomycota_Agaricomycetes_Agaricales_Bolbitiaceae_Conocybe_Conocybe_deliquescens_dfd2d01f38d591353195ee33dee16df2",0,0,0,0,0,0,0,45,0,0,0,0,0,0,0,0,0,0,0,0,0,0,0,5
"263","Fungi_unclassified_unclassified_unclassified_unclassified_unclassified_unclassified_fe298d4ecc56c89f20686e6b168d406f",0,7,0,0,0,0,0,0,0,0,0,48,1,0,0,0,0,9,0,0,0,0,0,0
"264","Fungi_unclassified_unclassified_unclassified_unclassified_unclassified_unclassified_81211b6392dda997c3b382c30dc82a07",0,0,0,0,0,0,0,0,0,0,28,0,0,0,0,0,0,0,0,0,16,0,0,0
"265","Fungi_Ascomycota_Sordariomycetes_unclassified_unclassified_unclassified_unclassified_c13256d84e163051d035562e5fa93db7",0,8,0,0,0,0,0,0,0,7,0,0,0,0,0,0,0,0,0,0,0,0,0,0
"266","Fungi_Basidiomycota_Tremellomycetes_Filobasidiales_Filobasidiaceae_Filobasidium_Filobasidium_oeirense_1efa5e91460354726858b6989369c715",0,0,0,0,0,0,0,0,0,0,0,0,0,0,0,0,0,0,0,0,8,0,0,7
"267","Fungi_Ascomycota_Eurotiomycetes_Eurotiales_Aspergillaceae_Aspergillus_Aspergillus_caespitosus_2fcbd7f8507aa032b37c4581aac671c7",0,0,0,0,0,0,0,0,0,0,0,0,0,0,0,0,0,0,0,0,0,0,0,47
"268","Fungi_Blastocladiomycota_Blastocladiomycota_cls_Incertae_sedis_Blastocladiomycota_ord_Incertae_sedis_Blastocladiomycota_fam_Incertae_sedis_Blastocladiomycota_gen_Incertae_sedis_Blastocladiomycota_sp_fee0bd9327a76e7b548800012822a072",0,0,0,0,0,0,0,0,0,0,0,0,0,0,0,20,0,0,0,0,0,0,0,0
"269","Fungi_Glomeromycota_Glomeromycetes_Glomerales_Glomeraceae_unclassified_unclassified_42a4db94d1977a20ceaf6d44477d3089",0,0,0,0,0,0,0,0,0,0,0,0,0,29,0,0,0,34,16,0,0,0,0,0
"270","Fungi_Glomeromycota_Glomeromycetes_Glomerales_Glomeraceae_Glomeraceae_gen_Incertae_sedis_Glomeraceae_sp_15d48590da92853e1108f13175ec3cad",21,0,0,0,0,0,0,0,0,0,0,0,0,0,0,0,0,0,0,0,0,0,0,0
"271","Fungi_Glomeromycota_Glomeromycetes_Glomerales_Claroideoglomeraceae_Claroideoglomus_Claroideoglomus_drummondii_37c3d7cd821ffdf83ec1005a5deaf4cf",0,0,0,0,0,0,0,0,0,0,0,0,0,0,6,0,0,0,0,0,0,0,0,0
"272","Fungi_unclassified_unclassified_unclassified_unclassified_unclassified_unclassified_e074576169c0d657037dbede53766834",59,0,0,0,0,0,0,0,0,0,0,0,0,0,0,0,0,57,0,0,0,0,0,0
"273","Fungi_Glomeromycota_Glomeromycetes_Glomerales_Glomeraceae_Septoglomus_Septoglomus_sp_8b83a48a4703a3b6dcc2806896fd4dd0",0,37,0,0,0,14,0,0,0,0,0,0,19,0,0,0,0,0,0,0,0,0,0,0
"274","Fungi_unclassified_unclassified_unclassified_unclassified_unclassified_unclassified_8cdb233341eff17372f51b5a8bcf2194",0,0,6,0,0,0,0,0,0,0,0,0,0,0,0,0,0,0,0,0,0,0,0,0
"275","Fungi_unclassified_unclassified_unclassified_unclassified_unclassified_unclassified_6afb8a9e912429b1319e94e4ccc582cb",3,0,0,0,0,0,7,0,0,0,0,0,0,0,0,0,0,0,0,0,0,0,0,0
"276","Fungi_Mortierellomycota_Mortierellomycetes_Mortierellales_Mortierellaceae_Mortierella_Mortierella_wolfii_bf16d3d69078e7ae628d21190cdc6952",0,0,0,0,0,0,0,0,0,0,0,0,9,0,0,0,0,0,0,0,0,0,0,0
"277","Fungi_Calcarisporiellomycota_Calcarisporiellomycetes_Calcarisporiellales_Calcarisporiellaceae_Calcarisporiella_Calcarisporiella_thermophila_c00f4501057e3ad76a012c535e9849d9",0,0,0,0,0,0,0,2,0,0,0,0,0,0,0,0,0,0,0,0,0,0,0,5
"278","Fungi_Mortierellomycota_Mortierellomycetes_Mortierellales_Mortierellaceae_Mortierella_Mortierella_sp_0e71a7b8d3c35158e355a31499fdc523",0,0,0,0,0,0,36,0,0,0,21,0,0,0,0,0,0,0,0,0,0,0,26,11
"279","Fungi_Ascomycota_Sordariomycetes_Sordariales_Sordariaceae_unclassified_unclassified_62e7847bce7c5bdae3f1ae4be27ea0de",0,0,0,0,0,0,0,0,0,185,0,0,0,0,0,0,0,0,0,0,0,0,0,0
"280","Fungi_Glomeromycota_Glomeromycetes_Glomerales_Glomeraceae_Rhizophagus_Rhizophagus_sp_92198d56c021ef91b16bde1df576f71e",0,2,0,0,0,0,0,0,0,0,0,0,0,0,0,0,0,0,0,1,0,9,0,0
"281","Fungi_Blastocladiomycota_Blastocladiomycota_cls_Incertae_sedis_Blastocladiomycota_ord_Incertae_sedis_Blastocladiomycota_fam_Incertae_sedis_Blastocladiomycota_gen_Incertae_sedis_Blastocladiomycota_sp_2c58810d3830f1e6a031bbff3322e451",8,0,12,0,0,0,0,0,0,0,0,0,0,0,0,18,0,0,0,0,0,17,0,0
"282","Fungi_unclassified_unclassified_unclassified_unclassified_unclassified_unclassified_215c6f13903ab4f20dadbd7514bf74dd",0,0,0,0,0,0,8,20,0,0,0,0,0,0,0,0,0,0,0,0,0,0,0,0
"283","Fungi_Ascomycota_Sordariomycetes_Branch06_Branch06_fam_Incertae_sedis_Branch06_gen_Incertae_sedis_Branch06_sp_9da25192a9b7e361bba219d5e24c27a7",0,0,0,0,0,0,0,0,0,0,0,7,0,0,0,0,0,0,0,0,0,12,0,0
"284","Fungi_Ascomycota_Sordariomycetes_Branch06_Branch06_fam_Incertae_sedis_Branch06_gen_Incertae_sedis_Branch06_sp_4b1839d60fe1cf7a681800f7d94b8bb9",0,0,0,0,0,0,0,0,0,0,0,0,0,0,0,29,0,0,0,16,0,0,0,0
"285","Fungi_Ascomycota_Sordariomycetes_unclassified_unclassified_unclassified_unclassified_61a6a512dda429f834bfd0e3a411fbaf",0,6,0,0,0,0,0,0,0,34,0,0,0,0,0,0,0,0,0,0,0,0,0,0
"286","Fungi_Ascomycota_unclassified_unclassified_unclassified_unclassified_unclassified_b3222d17334f15534bf61cae67c0c130",0,0,0,0,0,0,0,0,0,0,0,0,0,0,0,0,0,0,44,0,0,0,0,0
"287","Fungi_Glomeromycota_Glomeromycetes_Glomerales_Glomeraceae_Rhizophagus_Rhizophagus_sp_66db2541657b0a94ab2355702fcf1566",0,0,0,0,0,0,0,0,0,0,0,0,7,0,0,0,0,0,0,0,0,0,0,0
"288","Fungi_unclassified_unclassified_unclassified_unclassified_unclassified_unclassified_86a6eedbf0df7fdc62fab937ea2e0d21",0,0,0,0,0,0,0,0,0,0,0,0,0,0,66,0,0,0,0,0,0,0,0,0
"289","Fungi_unclassified_unclassified_unclassified_unclassified_unclassified_unclassified_4af4c0fcaa8c0c3b9508442cd5d820c6",3,0,0,0,0,0,0,0,0,0,0,0,0,0,0,0,0,0,0,0,0,0,0,2
"290","Fungi_Ascomycota_Sordariomycetes_Sordariales_unclassified_unclassified_unclassified_4ffffb944e957ebb4eb26e4a464b6fa5",0,0,0,0,0,0,0,55,0,0,0,10,0,0,0,0,0,0,0,0,0,0,0,0
"291","Fungi_Basidiomycota_Tremellomycetes_Filobasidiales_Filobasidiaceae_Filobasidium_Filobasidium_oeirense_736c09d118d863a81b8a4cb2437f16bc",0,0,0,0,0,0,9,0,0,0,0,0,0,0,0,0,0,0,0,0,11,0,0,6
"292","Fungi_unclassified_unclassified_unclassified_unclassified_unclassified_unclassified_3037a94c1ab31056e195a4b20ce91547",0,0,0,0,0,0,0,0,0,0,0,0,0,0,0,0,0,4,3,0,0,0,0,0
"293","Fungi_Ascomycota_Sordariomycetes_Sordariales_Chaetomiaceae_Hyalosphaerella_Hyalosphaerella_fragilis_05b814f9a5105efe40b622261be7b85b",0,0,0,0,0,0,0,0,0,0,0,0,0,0,0,0,97,0,0,0,0,0,0,0
"294","Fungi_Glomeromycota_Glomeromycetes_Glomerales_Glomeraceae_Rhizophagus_Rhizophagus_sp_c1c31b9e872228ae9d2e3c28a68ee970",0,0,0,0,0,0,0,0,0,0,9,0,0,0,9,0,0,1,0,0,0,0,0,0
"295","Fungi_unclassified_unclassified_unclassified_unclassified_unclassified_unclassified_4b4ef4bf7a3524258ec89e1927c7fe18",0,0,0,0,0,0,0,0,0,0,0,0,0,0,0,0,0,0,0,0,0,0,138,0
"296","Fungi_Ascomycota_Sordariomycetes_unclassified_unclassified_unclassified_unclassified_dea188b9db7926062b51e54c995b9d4a",0,0,0,0,0,0,0,0,0,0,0,0,4,0,0,0,0,0,0,0,0,0,0,0
"297","Fungi_Ascomycota_Sordariomycetes_Microascales_Microascaceae_Microascaceae_gen_Incertae_sedis_Microascaceae_sp_8131f35ee7c0b7f93dc5d1cef12d6f86",0,0,0,0,0,0,0,0,0,0,0,0,0,0,0,3,0,3,0,5,0,0,0,0
"298","Fungi_Ascomycota_Sordariomycetes_Hypocreales_unclassified_unclassified_unclassified_67649ea7be13fbbd5c9480b1ff1675be",0,0,0,2,0,0,0,0,0,0,0,0,0,0,0,2,0,0,0,0,0,0,21,0
"299","Fungi_Basidiomycota_Microbotryomycetes_Sporidiobolales_Sporidiobolaceae_Rhodosporidiobolus_unclassified_1f01ef488472436df32c73451fd4cd6e",0,0,0,4,0,0,0,0,0,0,0,0,0,0,0,0,0,0,0,0,0,0,0,0
"300","Fungi_unclassified_unclassified_unclassified_unclassified_unclassified_unclassified_16ca675244de9d23fed2ebca73b702a7",0,0,0,0,0,0,0,0,0,0,0,0,48,0,0,0,0,0,0,0,0,0,0,0
"301","Fungi_Ascomycota_Sordariomycetes_Sordariales_Sordariales_fam_Incertae_sedis_Madurella_Madurella_sp_352fc64635cf5cb0bb7e04268efec285",0,0,0,0,0,0,0,0,0,0,0,0,0,0,0,0,0,0,0,0,0,8,0,0
"302","Fungi_Glomeromycota_Glomeromycetes_Glomerales_Glomeraceae_unclassified_unclassified_f5dc981776c7fa8c11981ed10ac74e38",0,0,0,5,0,0,0,7,0,0,0,0,0,12,0,0,0,0,0,0,0,0,0,0
"303","Fungi_Glomeromycota_Glomeromycetes_Glomerales_Glomeraceae_Rhizophagus_Rhizophagus_sp_5ae82e2ad0682c5b9fc2cbd9ce7872a1",0,0,0,0,0,0,0,0,0,0,0,0,0,0,0,0,0,0,0,0,0,0,0,21
"304","Fungi_Ascomycota_Dothideomycetes_Pleosporales_Melanommataceae_Herpotrichia_Herpotrichia_striatispora_887c9b526fde69f9d2765b7d64c64e24",0,0,0,0,0,5,0,0,0,0,0,0,0,0,0,0,0,0,0,0,0,0,0,0
"305","Fungi_Ascomycota_Sordariomycetes_unclassified_unclassified_unclassified_unclassified_41d612a6894567de8d7ae6359af7103c",0,0,0,0,0,0,0,0,0,0,0,0,0,0,0,0,0,0,0,13,0,0,0,0
"306","Fungi_Basidiomycota_Agaricomycetes_Agaricales_Bolbitiaceae_Conocybe_Conocybe_subcrispa_985c5e7a4f016ba61ea0f955fd265178",0,57,0,0,0,0,0,0,0,0,0,0,0,0,0,0,0,0,0,0,0,0,0,0
"307","Fungi_Ascomycota_Pezizomycotina_cls_Incertae_sedis_Pezizomycotina_ord_Incertae_sedis_Pezizomycotina_fam_Incertae_sedis_Hormiactis_Hormiactis_sp_3ee37154a801064ce0ee63820ee308fa",13,0,0,0,0,0,0,0,6,0,0,0,0,0,0,0,0,0,0,0,0,0,0,0
"308","Fungi_Ascomycota_Sordariomycetes_Sordariales_Chaetomiaceae_Corynascella_Corynascella_inquinata_889713344b2c525cb04d47129aa31408",0,14,0,0,0,0,0,0,0,0,0,0,0,0,0,0,0,0,0,0,0,0,0,0
"309","Fungi_Ascomycota_Sordariomycetes_Hypocreales_Hypocreales_fam_Incertae_sedis_Hypocreales_gen_Incertae_sedis_Hypocreales_sp_3117e0f92daabf1270f6adbabaca162b",0,0,0,0,0,0,0,0,0,0,0,0,0,0,0,0,0,0,0,0,10,0,0,0
"310","Fungi_unclassified_unclassified_unclassified_unclassified_unclassified_unclassified_c6092e7243566280037e39a1730d2bbe",8,11,0,0,0,7,0,0,0,0,0,0,0,0,0,0,0,0,0,2,0,0,0,0
"311","Fungi_Ascomycota_Sordariomycetes_Hypocreales_Hypocreaceae_Kiflimonium_Kiflimonium_curvulum_469e0a384735dfe382a619d158b9b533",0,0,0,0,0,0,6,0,0,0,0,0,0,0,0,0,0,0,0,6,0,0,0,0
"312","Fungi_unclassified_unclassified_unclassified_unclassified_unclassified_unclassified_777091df3c3995c638fe72943f47b3f8",0,0,0,0,0,0,0,0,0,0,0,0,0,0,0,0,0,0,0,0,0,0,0,3
"313","Fungi_Glomeromycota_Glomeromycetes_Glomerales_Glomeraceae_Glomeraceae_gen_Incertae_sedis_Glomeraceae_sp_16ca22b06a32bfab7dc679d7ea7206da",0,0,0,0,0,0,0,0,0,0,0,10,0,0,0,0,0,0,0,7,0,0,0,0
"314","Fungi_Ascomycota_Dothideomycetes_Pleosporales_Sporormiaceae_Westerdykella_Westerdykella_ornata_f3fec96908836efb583798518d65842e",0,0,0,0,0,0,0,0,0,0,0,0,4,0,0,0,0,0,0,0,0,0,0,0
"315","Fungi_unclassified_unclassified_unclassified_unclassified_unclassified_unclassified_d17a6af9e9d134c06eef469335a05379",0,0,0,0,0,0,0,0,0,0,0,0,0,0,0,0,0,0,0,0,0,0,18,0
"316","Fungi_Ascomycota_Dothideomycetes_Pleosporales_Sporormiaceae_Preussia_Preussia_terricola_fe7b11bf2e9c118295400f309b4982e2",0,0,0,0,0,0,0,0,0,0,0,0,0,0,0,0,0,0,0,0,0,0,20,0
"317","Fungi_Basidiomycota_Agaricomycetes_Agaricales_Bolbitiaceae_Conocybe_Conocybe_deliquescens_36b9979cc584165c51acbd2ce37aa6e2",0,0,0,0,0,0,0,34,0,0,0,0,0,0,0,0,0,0,0,0,0,0,0,0
"318","Fungi_Glomeromycota_Glomeromycetes_Glomerales_Glomeraceae_Septoglomus_Septoglomus_sp_89392d1b81fba89b156bef38a9e33bf6",0,0,4,0,0,0,0,0,0,0,0,0,0,0,0,0,0,0,0,0,0,0,0,0
"319","Fungi_Ascomycota_Dothideomycetes_Pleosporales_Pleosporaceae_Alternaria_Alternaria_nepalensis_ad5a085ec1c8ec57af1094a5b6dc577e",0,0,0,0,0,0,0,0,0,0,0,0,0,0,0,2,0,0,0,0,0,0,0,0
"320","Fungi_Ascomycota_Sordariomycetes_Hypocreales_Nectriaceae_Fusarium_Fusarium_equiseti_3d2eaf55dbea088a96202c78c0ac503b",0,0,0,0,0,0,0,0,0,0,0,0,0,0,0,0,0,0,0,0,0,0,120,0
"321","Fungi_Ascomycota_Dothideomycetes_Pleosporales_Sporormiaceae_unclassified_unclassified_b148b6ce83106208a794dcd69a322899",0,0,0,0,0,0,0,0,0,0,0,0,0,0,0,51,0,0,0,0,0,0,0,0
"322","Fungi_Glomeromycota_Glomeromycetes_Glomerales_Glomeraceae_Rhizophagus_Rhizophagus_sp_2524c3e0830ff6f2b487dd69fe07989d",0,0,0,0,8,0,0,0,0,0,0,0,0,0,0,0,0,0,0,3,0,0,0,17
"323","Fungi_Ascomycota_Sordariomycetes_Hypocreales_Hypocreales_fam_Incertae_sedis_Sarocladium_Sarocladium_kiliense_c74afdfee09ee8e502ccbb1695786c12",0,0,0,20,0,0,0,0,0,0,0,0,4,0,0,0,0,0,0,0,0,0,0,0
"324","Fungi_Glomeromycota_Glomeromycetes_Glomerales_Claroideoglomeraceae_unclassified_unclassified_ec04c60a6becf3242d2ec40fee0ad217",0,0,0,0,0,6,0,0,0,0,0,0,0,0,0,0,0,0,0,0,0,0,0,0
"325","Fungi_Glomeromycota_Glomeromycetes_Glomerales_Glomeraceae_Glomeraceae_gen_Incertae_sedis_Glomeraceae_sp_73053a186e2df2275d235239856fc8c7",0,0,0,0,0,0,0,0,0,0,0,0,0,0,0,0,0,0,0,0,0,8,0,0
"326","Fungi_Ascomycota_Sordariomycetes_Sordariales_Sordariaceae_Neurospora_unclassified_dbf1136f495802c6dfdd8c365af8ccca",0,52,0,0,0,0,0,0,0,0,0,0,0,0,0,0,0,0,0,0,0,0,0,0
"327","Fungi_Glomeromycota_Glomeromycetes_Glomerales_Glomeraceae_Rhizophagus_unclassified_2969a754d9148af43b6ee3b925e75768",0,0,0,0,0,0,0,0,0,0,0,0,0,0,0,0,0,0,0,0,0,0,0,17
"328","Fungi_unclassified_unclassified_unclassified_unclassified_unclassified_unclassified_1fcb457a56e25340bac273ccef10b1c3",0,0,0,0,0,0,0,0,0,12,0,0,0,0,0,0,0,0,0,0,0,0,0,0
"329","Fungi_Ascomycota_Sordariomycetes_Sordariales_Sordariaceae_Neurospora_unclassified_f304d3a66be617485d52d8385ab4a2a5",0,0,0,0,0,0,42,0,0,0,0,0,0,0,0,0,0,0,0,0,0,0,0,0
"330","Fungi_Glomeromycota_Glomeromycetes_Glomerales_Glomeraceae_unclassified_unclassified_509fe4b254765576b3d2bcef349a943a",0,0,0,0,0,0,0,5,0,0,0,0,0,0,0,0,0,0,0,0,0,0,0,0
"331","Fungi_Ascomycota_Sordariomycetes_Hypocreales_Nectriaceae_unclassified_unclassified_f474eadf6bbe76cc8a6da43c57108220",0,0,0,0,0,0,0,0,0,0,0,0,0,0,46,0,0,0,0,0,0,0,0,0
"332","Fungi_Ascomycota_Sordariomycetes_Branch06_Branch06_fam_Incertae_sedis_Branch06_gen_Incertae_sedis_Branch06_sp_1f5aaf435963e68554dcec2c1d05c09d",0,0,0,0,0,0,0,0,0,0,0,0,32,0,0,0,0,0,0,0,0,0,0,0
"333","Fungi_Ascomycota_Sordariomycetes_Microascales_Microascaceae_unclassified_unclassified_bb2849b025b91e55e56e366c76d13d2f",0,0,0,0,0,0,0,0,9,0,0,5,0,0,0,0,0,0,0,0,0,33,0,0
"334","Fungi_Glomeromycota_Glomeromycetes_Glomerales_Glomeraceae_Rhizophagus_Rhizophagus_sp_c121dac983e6240faeaad735be8ebe75",0,0,0,0,0,0,0,0,0,0,0,0,0,18,0,0,0,0,0,0,0,0,0,0
"335","Fungi_Ascomycota_Sordariomycetes_Hypocreales_Hypocreaceae_Trichoderma_Trichoderma_harzianum_98be18a3dc8233adb95e0b07006d65bc",16,0,0,0,0,0,0,0,4,0,0,0,0,0,0,0,0,0,0,0,0,0,0,0
"336","Fungi_unclassified_unclassified_unclassified_unclassified_unclassified_unclassified_6a272fc25b4d2ef000d08dfc0b0bf8e1",0,0,0,0,6,0,0,0,0,0,0,0,0,0,0,0,0,0,0,0,0,0,0,0
"337","Fungi_unclassified_unclassified_unclassified_unclassified_unclassified_unclassified_c5ce264b0ef95aed0e9259d817846fc3",0,0,0,0,0,0,0,0,0,0,0,0,0,0,0,0,0,12,0,0,0,0,0,6
"338","Fungi_unclassified_unclassified_unclassified_unclassified_unclassified_unclassified_4a9744aa75e77ba13f38c91043547203",0,0,0,0,0,6,0,0,0,0,0,0,0,0,0,0,0,0,0,0,0,0,0,0
"339","Fungi_Ascomycota_Pezizomycetes_Pezizales_Ascodesmidaceae_Cephaliophora_Cephaliophora_sp_ae2478091b3c04293e7008c16af99317",0,0,0,0,0,0,0,3,0,0,0,0,0,0,0,0,0,0,0,0,0,0,0,0
"340","Fungi_Ascomycota_Pezizomycetes_Pezizales_Ascodesmidaceae_Cephaliophora_Cephaliophora_tropica_1487a6d015aedffd044a3abafa99046b",0,0,0,0,0,0,0,0,28,0,0,0,0,0,0,0,0,0,0,0,0,0,0,0
"341","Fungi_Ascomycota_Dothideomycetes_Pleosporales_Sporormiaceae_Preussia_unclassified_30a6cafa849844afe32cdbf68d23fd43",0,0,0,0,0,0,0,0,0,0,8,0,0,0,0,0,0,0,0,0,0,0,0,0
"342","Fungi_Chytridiomycota_GS13_GS13_ord_Incertae_sedis_GS13_fam_Incertae_sedis_GS13_gen_Incertae_sedis_GS13_sp_27b240924be830380a478175eded69b3",0,10,0,0,0,0,0,0,0,0,6,0,0,0,0,0,0,0,0,0,0,0,0,0
"343","Fungi_Ascomycota_Orbiliomycetes_Orbiliales_Orbiliales_fam_Incertae_sedis_Orbiliales_gen_Incertae_sedis_Orbiliales_sp_94d1c80a0f215e511e94fb3a5bdc4be9",0,8,0,0,0,0,0,0,0,0,0,0,0,0,0,0,0,0,0,0,0,0,0,0
"344","Fungi_Ascomycota_Sordariomycetes_Sordariales_Chaetomiaceae_Acrophialophora_Acrophialophora_jodhpurensis_e27edcbc46c6dba542d1c84e4dd567b8",0,0,0,0,0,0,0,0,0,0,0,34,0,0,0,0,0,0,0,0,0,0,0,0
"345","Fungi_Glomeromycota_Glomeromycetes_Glomerales_Glomeraceae_unclassified_unclassified_b27c954e6661173a9c305af13b20566e",0,0,0,0,0,0,0,0,0,0,0,0,0,0,0,0,0,0,0,0,0,0,0,5
"346","Fungi_unclassified_unclassified_unclassified_unclassified_unclassified_unclassified_b5fbc5d8be1bfa81d928f5e7ff91a852",0,0,0,0,28,0,0,0,0,0,0,0,0,0,0,0,0,0,0,0,0,0,0,0
"347","Fungi_unclassified_unclassified_unclassified_unclassified_unclassified_unclassified_6500f438112bf03cac1a67a7ec886326",0,0,0,0,0,0,0,0,0,0,35,0,0,0,0,0,0,0,0,0,0,0,0,0
"348","Fungi_Ascomycota_Sordariomycetes_Sordariales_Sordariales_fam_Incertae_sedis_Madurella_Madurella_tropicana_b461358ecfded0d42f43b1c01c4b41b1",0,0,0,0,0,0,0,0,0,0,0,0,0,0,0,0,0,0,0,0,0,44,0,0
"349","Fungi_Blastocladiomycota_Blastocladiomycota_cls_Incertae_sedis_Blastocladiomycota_ord_Incertae_sedis_Blastocladiomycota_fam_Incertae_sedis_Blastocladiomycota_gen_Incertae_sedis_Blastocladiomycota_sp_a81a82c43798fc007a4e7ba562be0e9c",0,0,0,0,0,0,0,0,0,0,23,0,0,0,0,0,0,0,0,0,0,0,0,0
"350","Fungi_Blastocladiomycota_Blastocladiomycota_cls_Incertae_sedis_Blastocladiomycota_ord_Incertae_sedis_Blastocladiomycota_fam_Incertae_sedis_Blastocladiomycota_gen_Incertae_sedis_Blastocladiomycota_sp_65961ccde26ec231aa8a2ba3a573563b",0,0,0,0,0,0,0,0,0,0,0,0,0,0,0,0,0,15,0,0,0,0,0,0
"351","Fungi_Ascomycota_Sordariomycetes_Sordariales_unclassified_unclassified_unclassified_204ed0ace4585147bdcf8ab51ae214d2",0,0,0,0,0,0,0,0,0,0,0,0,0,0,0,0,0,0,3,0,0,0,0,0
"352","Fungi_unclassified_unclassified_unclassified_unclassified_unclassified_unclassified_0d021d83a66e588f0d0e96908b6bc3e4",0,2,0,0,0,0,0,0,0,0,0,3,0,0,0,0,0,0,0,0,0,0,0,0
"353","Fungi_Ascomycota_Sordariomycetes_Trichosphaeriales_Trichosphaeriaceae_Nigrospora_unclassified_d6ca02b0a7cbb6523994dbccb2745e34",0,0,0,0,0,0,4,0,0,0,0,0,0,0,0,0,0,0,0,0,0,0,0,0
"354","Fungi_Ascomycota_Sordariomycetes_Hypocreales_Hypocreales_fam_Incertae_sedis_Fusariella_Fusariella_sp_0161bb87844340eecb0218fe2bf1aa1b",0,0,0,0,0,0,0,0,0,0,0,0,0,0,0,0,0,0,0,0,0,0,0,16
"355","Fungi_unclassified_unclassified_unclassified_unclassified_unclassified_unclassified_a0c2ee9ddb82d3eb83db436aafe7a2b6",0,0,0,0,0,0,0,0,0,0,0,0,1,0,0,0,0,0,0,1,0,0,0,0
"356","Fungi_Ascomycota_Sordariomycetes_Hypocreales_Hypocreales_fam_Incertae_sedis_Sarocladium_Sarocladium_zeae_055bd14a45de1460bbdb9466edd32b4c",0,0,0,0,0,0,0,0,0,0,0,0,0,0,0,0,0,0,0,0,0,0,0,4
"357","Fungi_Ascomycota_Sordariomycetes_Microascales_Microascaceae_Microascaceae_gen_Incertae_sedis_Microascaceae_sp_b8cf007c085bfb26031878c5a5ebe41c",0,0,0,0,0,0,0,0,0,0,0,0,0,0,0,0,8,0,0,0,0,0,0,0
"358","Fungi_unclassified_unclassified_unclassified_unclassified_unclassified_unclassified_3cb5faf1d84af6085773141a836a9229",0,0,0,0,0,0,0,0,0,0,0,0,0,10,0,0,0,0,0,0,0,0,0,0
"359","Fungi_Glomeromycota_Paraglomeromycetes_Paraglomerales_Pervetustaceae_Pervetustaceae_gen_Incertae_sedis_Pervetustaceae_sp_1ce899d94aa4311e2d6c5bd5ccbc4b72",0,0,0,0,0,0,15,0,0,0,0,0,0,0,0,0,0,0,0,0,0,7,0,0
"360","Fungi_Ascomycota_Sordariomycetes_unclassified_unclassified_unclassified_unclassified_01b93dd7bcda7ca85267864adbaa54d8",0,0,0,0,0,0,0,0,0,0,0,8,0,0,0,0,0,0,0,0,0,0,0,0
"361","Fungi_Ascomycota_Sordariomycetes_Microascales_Microascales_fam_Incertae_sedis_Microascales_gen_Incertae_sedis_Microascales_sp_a9a86483d5af754c4c613e7c35a74ff1",0,0,0,5,0,0,0,0,0,0,0,0,0,0,0,0,0,0,0,0,0,0,0,0
"362","Fungi_Ascomycota_Sordariomycetes_Sordariales_Chaetomiaceae_unclassified_unclassified_25e3dc94c25d6dccd1dcd994629bb59d",0,0,0,0,6,0,0,0,0,0,0,0,0,0,0,0,0,0,0,0,0,7,0,0
"363","Fungi_Ascomycota_Sordariomycetes_Hypocreales_Nectriaceae_Paracremonium_Paracremonium_inflatum_06bfd431bc53a89f2e16039e37084cf6",0,0,0,0,0,0,0,0,0,0,0,0,0,0,0,0,26,0,0,0,0,0,0,0
"364","Fungi_Ascomycota_Sordariomycetes_unclassified_unclassified_unclassified_unclassified_e8489878aef38259891349f75f8a01ed",12,0,0,0,0,0,0,0,0,0,0,0,0,0,0,0,0,0,0,0,0,0,0,0
"365","Fungi_Ascomycota_Sordariomycetes_Hypocreales_Hypocreaceae_Trichoderma_Trichoderma_saturnisporum_0a49d8b57e07c8e63c3cf57d4b70bdb3",0,0,0,0,1,0,0,0,0,0,2,0,0,0,0,0,0,0,0,1,0,0,0,0
"366","Fungi_Mortierellomycota_Mortierellomycetes_Mortierellales_Mortierellaceae_Mortierella_Mortierella_sp_4ae118d5ba482c83a074e23ef8611e2b",0,0,0,0,0,0,0,0,0,17,0,0,0,0,0,0,0,0,0,0,0,0,0,0
"367","Fungi_Ascomycota_Dothideomycetes_Pleosporales_Sporormiaceae_Sporormia_Sporormia_sp_2ff7d4fdf24015f16a4ffd85eaefb604",0,0,0,0,0,0,0,0,0,10,0,0,0,0,0,0,0,0,0,0,0,0,0,4
"368","Fungi_unclassified_unclassified_unclassified_unclassified_unclassified_unclassified_28b103fd9e4e8fc2d0d9170d2820ff51",0,0,0,0,0,0,0,0,0,0,0,0,0,10,0,0,0,0,0,0,0,0,0,0
"369","Fungi_Glomeromycota_Glomeromycetes_Glomerales_Glomeraceae_unclassified_unclassified_d59163947d9d1889fc9ad8d55f1ed111",0,0,0,0,0,0,0,0,0,0,0,4,0,0,9,0,0,0,0,0,0,0,0,0
"370","Fungi_Ascomycota_Sordariomycetes_Sordariales_Podosporaceae_Cladorrhinum_Cladorrhinum_sp_00bb369a52fdcc71951c9ae692060d91",0,0,0,0,0,0,0,0,0,0,0,0,0,0,0,0,0,0,16,0,0,0,0,0
"371","Fungi_Ascomycota_Sordariomycetes_Sordariales_Chaetomiaceae_Acrophialophora_unclassified_405a5e3cbd6852dbda08a84799a6e955",0,0,0,22,0,0,0,0,0,0,0,0,0,0,0,0,0,0,0,0,0,0,0,0
"372","Fungi_Ascomycota_Dothideomycetes_Pleosporales_Didymellaceae_Didymellaceae_gen_Incertae_sedis_Didymellaceae_sp_7c6b5a610b790500b3e5bb5f841ac086",0,0,0,0,0,0,1,0,0,0,0,0,0,6,0,0,0,0,0,0,0,0,0,0
"373","Fungi_unclassified_unclassified_unclassified_unclassified_unclassified_unclassified_89e5cd3d62915c934487b1f40c8317a7",0,0,0,0,0,0,0,0,0,0,0,0,0,47,0,0,0,0,0,0,0,0,0,0
"374","Fungi_Ascomycota_Dothideomycetes_unclassified_unclassified_unclassified_unclassified_36ff921bf34c626e0224791af1c0d7f6",0,0,0,0,0,0,0,0,16,0,0,0,0,0,0,0,0,0,0,0,0,0,0,0
"375","Fungi_unclassified_unclassified_unclassified_unclassified_unclassified_unclassified_06cfdde3ce7e89b2968984ca3243fd23",0,0,0,0,0,0,0,0,0,0,0,0,0,0,0,0,0,0,17,0,0,0,0,0
"376","Fungi_Ascomycota_Pezizomycetes_Pezizales_Ascobolaceae_Ascobolus_Ascobolus_sp_67aab1ce5c008d0ab579adde92ec6c90",0,0,0,0,0,0,0,0,12,0,0,0,0,0,0,0,0,0,0,0,0,0,0,0
"377","Fungi_Ascomycota_Dothideomycetes_Pleosporales_Sporormiaceae_Preussia_Preussia_flanaganii_37f6a2de7b397419ac2c3558006fe8f3",18,0,0,0,0,0,0,0,0,0,0,0,0,0,0,0,0,0,0,0,0,0,0,0
"378","Fungi_unclassified_unclassified_unclassified_unclassified_unclassified_unclassified_126e9b0c6aa6ebcd0a18335f8bbe7f9b",0,0,0,0,0,23,0,0,0,0,0,0,0,0,0,0,0,0,0,0,0,0,0,0
"379","Fungi_Basidiomycota_Tremellomycetes_Tremellales_Rhynchogastremataceae_Papiliotrema_Papiliotrema_laurentii_82711c77e0d9b7a66f6dfc862aee4a8b",0,2,0,0,0,0,0,0,0,0,0,0,0,0,0,0,0,0,0,0,0,0,0,0
"380","Fungi_unclassified_unclassified_unclassified_unclassified_unclassified_unclassified_5e3c939b16597c6f3a5f39b762768c5e",0,0,0,0,0,0,17,0,0,0,0,0,0,0,0,0,0,0,0,0,0,0,0,0
"381","Fungi_Basidiomycota_Tremellomycetes_Tremellales_Rhynchogastremataceae_Papiliotrema_unclassified_601e3dc474738c41eb1e2d376fc99301",0,0,0,0,0,0,0,0,0,0,0,0,0,0,0,0,0,0,0,7,0,0,0,0
"382","Fungi_unclassified_unclassified_unclassified_unclassified_unclassified_unclassified_c939daaf85f5c0a1597cafa6dcdb9c9a",23,0,0,0,0,0,0,0,0,0,0,0,0,0,0,0,0,0,0,0,0,0,0,0
"383","Fungi_unclassified_unclassified_unclassified_unclassified_unclassified_unclassified_53a8cd095364581677575f1f8c8d1de1",0,0,0,0,0,0,0,0,0,0,0,0,0,0,0,0,0,6,0,0,0,0,0,0
"384","Fungi_Glomeromycota_Paraglomeromycetes_Paraglomerales_Paraglomeraceae_Paraglomus_Paraglomus_sp_b544f7b4c2e91144d586b09e8e951a28",0,0,0,0,0,0,0,0,0,0,0,0,0,0,0,0,0,0,0,0,0,12,0,0
"385","Fungi_Ascomycota_Dothideomycetes_Pleosporales_Sporormiaceae_unclassified_unclassified_7ff938a42827b96de254945872e8dabd",0,0,0,0,0,0,0,0,0,0,19,0,0,0,0,0,0,0,0,0,0,0,0,0
"386","Fungi_Glomeromycota_Glomeromycetes_Glomerales_Glomeraceae_Septoglomus_unclassified_ec3315c2f8fc3a634700c69246ae73ef",0,0,0,8,0,0,0,0,1,0,0,0,0,0,0,0,0,0,0,0,0,0,0,0
"387","Fungi_Blastocladiomycota_Blastocladiomycota_cls_Incertae_sedis_Blastocladiomycota_ord_Incertae_sedis_Blastocladiomycota_fam_Incertae_sedis_Blastocladiomycota_gen_Incertae_sedis_Blastocladiomycota_sp_9679eb16944d9ece9756958db949fb5d",0,0,0,0,0,0,0,0,0,0,0,0,5,0,0,0,0,0,0,0,0,0,0,0
"388","Fungi_Ascomycota_Sordariomycetes_Microascales_Microascaceae_Pithoascus_Pithoascus_sp_1f8aaa15696661a32c18db2f4a9fadba",0,0,0,0,0,0,19,0,0,0,0,0,0,0,0,0,0,0,0,0,0,0,0,0
"389","Fungi_Ascomycota_Sordariomycetes_Hypocreales_Hypocreales_fam_Incertae_sedis_Hapsidospora_Hapsidospora_irregularis_207d8bd2d80088add144ef3b8f4002ee",0,0,0,0,0,0,0,0,0,0,0,0,0,6,0,0,0,0,0,0,0,0,0,0
"390","Fungi_Ascomycota_Sordariomycetes_unclassified_unclassified_unclassified_unclassified_1e196ad219b816eb0257b09b9930d83e",0,0,0,0,0,0,0,0,0,0,0,0,0,0,0,0,0,12,0,0,0,0,0,0
"391","Fungi_unclassified_unclassified_unclassified_unclassified_unclassified_unclassified_ec333b5bd7b941aa833f1872769f6804",0,0,0,0,0,0,0,0,16,0,0,0,0,0,0,0,0,0,0,0,0,0,0,0
"392","Fungi_unclassified_unclassified_unclassified_unclassified_unclassified_unclassified_1f8264aa54e5f8b31e713ffafc574727",0,0,0,0,0,0,0,0,0,0,0,0,0,0,0,0,0,0,0,0,0,0,31,0
"393","Fungi_unclassified_unclassified_unclassified_unclassified_unclassified_unclassified_aee27515137b3e74b7c31283e467c81c",0,0,0,0,13,0,0,0,0,0,0,0,0,0,0,0,0,0,0,0,0,0,0,0
"394","Fungi_Glomeromycota_Glomeromycetes_Glomerales_Glomeraceae_Septoglomus_Septoglomus_sp_b718c39582dabee81f7e09217e9b409d",0,0,0,0,0,0,0,0,0,0,0,13,0,0,0,0,0,0,0,0,0,0,0,0
"395","Fungi_Glomeromycota_Glomeromycetes_Glomerales_Glomeraceae_unclassified_unclassified_61d3dbaae04ac2da47fe0f1873e46fba",0,0,0,0,0,0,0,0,0,0,0,0,0,15,0,0,0,0,0,0,0,0,0,0
"396","Fungi_Ascomycota_Dothideomycetes_Pleosporales_Sporormiaceae_Preussia_Preussia_persica_751b3173892c474b7ccfe1b4c84c628d",0,4,0,0,0,0,0,0,0,0,0,0,0,0,0,0,0,0,0,0,0,0,0,0
"397","Fungi_Ascomycota_Dothideomycetes_Pleosporales_Sporormiaceae_Preussia_Preussia_globosa_42c13057a9c66051a06287c55a130a9d",0,0,0,0,0,0,0,0,0,0,0,0,0,16,0,0,0,0,0,0,0,0,0,0
"398","Fungi_unclassified_unclassified_unclassified_unclassified_unclassified_unclassified_18aca6090e27810b73e153abae2f658b",0,0,0,0,0,0,0,0,0,0,0,0,0,0,0,8,0,0,0,0,0,0,0,0
"399","Fungi_unclassified_unclassified_unclassified_unclassified_unclassified_unclassified_73d462e3b1a5a1e0e79486dec172a51b",0,0,0,0,0,0,0,0,0,0,0,0,0,0,0,0,0,0,0,0,12,0,0,0
"400","Fungi_Basidiomycota_Tremellomycetes_Tremellales_Bulleribasidiaceae_Dioszegia_unclassified_76db0b65dcd0c6fbac2d861b3e04f49d",0,0,0,0,0,0,0,0,0,0,0,0,0,0,0,0,0,0,0,2,5,0,0,0
"401","Fungi_Glomeromycota_Glomeromycetes_Glomerales_Claroideoglomeraceae_Claroideoglomus_Claroideoglomus_drummondii_4cbbdd53706967e6ac747240d81c42e3",0,0,0,0,0,0,0,0,0,0,0,0,0,0,0,0,0,0,10,0,0,0,0,0
"402","Fungi_Glomeromycota_Paraglomeromycetes_Paraglomerales_Pervetustaceae_Pervetustaceae_gen_Incertae_sedis_Pervetustaceae_sp_fbf6c299b4e19fac87bcd381ff73978f",0,0,0,6,0,0,3,0,0,0,0,0,0,0,0,0,0,0,0,0,5,0,0,0
"403","Fungi_unclassified_unclassified_unclassified_unclassified_unclassified_unclassified_933c560866b38a6960dbc7855dcd8ffd",0,0,0,0,0,0,0,0,0,0,0,0,0,0,0,0,0,9,0,0,0,0,0,0
"404","Fungi_Basidiomycota_Microbotryomycetes_Sporidiobolales_Sporidiobolaceae_Sporobolomyces_Sporobolomyces_patagonicus_cd8cca2a76abd09c49133497c6b776c7",0,0,0,0,0,0,0,0,0,0,0,0,0,0,0,0,0,0,0,0,2,0,0,0
"405","Fungi_unclassified_unclassified_unclassified_unclassified_unclassified_unclassified_c2d84e5a15a14680bef40f958043921a",0,8,0,0,0,0,0,0,0,0,0,0,0,0,0,0,0,0,0,0,0,0,0,0
"406","Fungi_unclassified_unclassified_unclassified_unclassified_unclassified_unclassified_d860ee68d9f774c36ebecdaae91277f5",0,0,0,0,0,0,0,0,0,0,0,0,0,16,0,0,0,0,0,0,0,0,0,0
"407","Fungi_Ascomycota_Eurotiomycetes_Eurotiales_Aspergillaceae_Aspergillus_Aspergillus_flavus_23104be980e4e893b70bd1911ae386be",0,0,0,0,0,0,0,0,0,0,0,0,0,0,0,0,0,0,6,0,0,0,0,0
"408","Fungi_unclassified_unclassified_unclassified_unclassified_unclassified_unclassified_b58e0033bddf824594748ce9c786bba1",0,0,0,0,0,4,0,0,0,0,0,0,0,0,0,0,0,0,0,0,0,0,0,0
"409","Fungi_Blastocladiomycota_Blastocladiomycota_cls_Incertae_sedis_Blastocladiomycota_ord_Incertae_sedis_Blastocladiomycota_fam_Incertae_sedis_Blastocladiomycota_gen_Incertae_sedis_Blastocladiomycota_sp_804a1e55697096a9b4be038ea8c3fe00",0,0,9,0,0,0,0,0,0,0,0,0,0,0,0,0,0,0,0,0,0,0,0,0
"410","Fungi_unclassified_unclassified_unclassified_unclassified_unclassified_unclassified_e4b066b6c1c1bf03a3bffb85b8d93f15",0,0,0,0,0,0,0,0,0,0,0,0,0,0,0,0,12,0,0,0,0,0,0,0
"411","Fungi_Rozellomycota_Rozellomycota_cls_Incertae_sedis_Rozellomycota_ord_Incertae_sedis_Rozellomycota_fam_Incertae_sedis_Rozellomycota_gen_Incertae_sedis_Rozellomycota_sp_a518021367c20dd15fbb1b3acd411496",3,0,0,0,0,0,0,0,0,0,0,0,0,0,0,0,0,0,0,0,0,0,0,0
"412","Fungi_unclassified_unclassified_unclassified_unclassified_unclassified_unclassified_81b4b923124cc068450c0034947bea2d",0,0,0,10,0,0,0,0,0,0,0,0,0,0,0,0,0,0,0,0,0,0,0,0
"413","Fungi_unclassified_unclassified_unclassified_unclassified_unclassified_unclassified_44e5ebc7322064b59248f22490162e29",0,0,0,0,0,0,0,0,0,0,0,0,0,0,0,15,0,0,0,0,0,0,0,0
"414","Fungi_Ascomycota_Sordariomycetes_Sordariales_Chaetomiaceae_Stolonocarpus_Stolonocarpus_gigasporus_d1859e83a475c8a076708dd270074a8e",0,0,0,0,0,0,0,0,0,0,0,0,0,0,0,0,0,12,0,0,0,0,0,0
"415","Fungi_unclassified_unclassified_unclassified_unclassified_unclassified_unclassified_9db686225c1e0c07cde37f333531606a",0,0,0,0,0,0,0,0,0,0,0,0,0,0,0,0,0,0,0,4,0,0,0,0
"416","Fungi_Ascomycota_Dothideomycetes_Pleosporales_Phaeosphaeriaceae_Didymocyrtis_Didymocyrtis_sp_d28b370f7506cb4982c09ba631cad3c1",0,0,0,0,0,0,0,0,0,0,0,0,0,0,0,0,0,0,0,0,9,0,0,0
"417","Fungi_Ascomycota_Sordariomycetes_Sordariales_Chaetomiaceae_Trichocladium_Trichocladium_acropullum_079d0d95ddf3307f5158c7e0276a3a3d",0,0,0,0,0,0,0,0,0,0,0,0,0,0,0,0,0,0,0,0,0,4,0,0
"418","Fungi_Ascomycota_Dothideomycetes_Pleosporales_Zopfiaceae_Didymocrea_Didymocrea_leucaenae_3731dc27de5b4827366570ebd8aa15ef",0,0,0,0,0,0,0,0,0,0,0,0,4,0,0,0,0,0,0,0,0,0,0,0
"419","Fungi_Ascomycota_Eurotiomycetes_Eurotiales_Aspergillaceae_Penicillium_Penicillium_citrinum_a3b02fa4af245928abf21804c49817fb",0,5,0,0,0,0,0,0,0,0,0,0,0,0,0,0,0,0,0,0,0,0,0,0
"420","Fungi_unclassified_unclassified_unclassified_unclassified_unclassified_unclassified_0615d3ca34474e7ec1dd47adfbd003d9",0,0,0,0,5,0,0,0,0,0,0,0,0,0,0,0,0,0,0,0,0,0,0,0
"421","Fungi_Ascomycota_Eurotiomycetes_Onygenales_Onygenaceae_Chrysosporium_Chrysosporium_lobatum_c283a9387533c16164b647abef213590",0,0,0,0,0,0,0,0,0,0,0,8,0,0,0,0,0,0,0,0,0,0,0,0
"422","Fungi_Ascomycota_Dothideomycetes_Pleosporales_Pleosporaceae_Curvularia_Curvularia_siddiquii_297d838200d84d1d72a3bfe80efd082f",0,0,0,0,0,0,0,0,13,0,0,0,0,0,0,0,0,0,0,0,0,0,0,0
"423","Fungi_Ascomycota_unclassified_unclassified_unclassified_unclassified_unclassified_75293d674bee1bcc2b96ba1063f242e4",0,0,0,0,0,0,0,0,0,0,0,0,0,8,0,0,0,0,0,0,0,0,0,0
"424","Fungi_unclassified_unclassified_unclassified_unclassified_unclassified_unclassified_a8b629b0f44926425ed4bd041f66544d",0,0,0,0,0,0,0,0,0,0,0,9,0,0,0,0,0,0,0,0,0,0,0,0
"425","Fungi_Ascomycota_Sordariomycetes_Hypocreales_Nectriaceae_Fusarium_Fusarium_tricinctum_692fc2b3ecfd4ce760902ef4a54ccba5",0,0,0,0,0,0,0,0,0,0,0,0,11,0,0,0,0,0,0,0,0,0,0,0
"426","Fungi_Basidiomycota_Agaricomycetes_Cantharellales_Ceratobasidiaceae_unclassified_unclassified_729ef226c3c6cdae75ac2ea4028222cc",0,0,0,0,0,0,0,0,0,0,0,0,0,0,7,0,0,0,0,0,0,0,0,0
"427","Fungi_Basidiomycota_Agaricomycetes_Agaricales_Pluteaceae_Volvariella_Volvariella_sp_216acd6e08e11c45032c4a0216be3087",0,0,0,0,0,0,0,0,0,0,0,0,0,0,0,0,0,0,0,0,0,0,0,4
"428","Fungi_Ascomycota_Sordariomycetes_Hypocreales_Hypocreales_fam_Incertae_sedis_Hapsidospora_Hapsidospora_irregularis_aee317c60f9f08f1300f40e6c03ea93a",0,0,0,0,0,0,0,0,0,0,0,2,0,0,0,0,0,0,0,0,0,0,0,0
"429","Fungi_unclassified_unclassified_unclassified_unclassified_unclassified_unclassified_25cccc1e5a87f82875b98fedf94cacb9",0,0,0,0,0,0,0,0,0,0,0,0,0,0,9,0,0,0,0,0,0,0,0,0
"430","Fungi_Blastocladiomycota_Blastocladiomycota_cls_Incertae_sedis_Blastocladiomycota_ord_Incertae_sedis_Blastocladiomycota_fam_Incertae_sedis_Blastocladiomycota_gen_Incertae_sedis_Blastocladiomycota_sp_a3827514e4075f816d1f546b24e54235",0,0,0,0,0,0,0,0,0,0,0,0,0,0,5,0,0,0,0,0,0,0,0,0
"431","Fungi_unclassified_unclassified_unclassified_unclassified_unclassified_unclassified_074b955eec0a8d28d097a7d566700d69",0,0,0,0,0,0,0,0,0,0,0,0,0,0,0,0,0,0,0,0,0,6,0,0
"432","Fungi_unclassified_unclassified_unclassified_unclassified_unclassified_unclassified_f40565d858e19a922412a41139b07f40",0,0,0,0,0,0,0,0,0,0,0,0,0,0,0,0,0,0,0,2,0,4,0,0
"433","Fungi_Ascomycota_Dothideomycetes_Pleosporales_Sporormiaceae_Sporormiaceae_gen_Incertae_sedis_Sporormiaceae_sp_8969b92818b6d56b6104b24d6c829eed",0,0,5,0,0,0,0,0,0,0,0,0,0,0,0,0,0,0,0,0,0,0,0,0
"434","Fungi_unclassified_unclassified_unclassified_unclassified_unclassified_unclassified_ddfc35c8c95bc1dd5d16d7a590422b31",0,0,0,8,0,0,0,0,0,0,0,0,0,0,0,0,0,0,0,0,0,0,0,0
"435","Fungi_unclassified_unclassified_unclassified_unclassified_unclassified_unclassified_c77720c6c800536ed00b04774b33c1df",0,0,0,0,0,0,0,0,8,0,0,0,0,0,0,0,0,0,0,0,0,0,0,0
"436","Fungi_Ascomycota_Sordariomycetes_Sordariales_Chaetomiaceae_unclassified_unclassified_e207edcf2476ca5415e6dd86a494f370",0,0,0,0,0,0,0,0,0,0,0,0,3,0,0,0,0,0,0,0,0,0,0,0
"437","Fungi_unclassified_unclassified_unclassified_unclassified_unclassified_unclassified_ef37880fef19bd213ac2e72428db4077",0,0,0,3,0,0,0,0,0,0,0,0,0,0,0,0,0,0,0,0,0,0,0,0
"438","Fungi_unclassified_unclassified_unclassified_unclassified_unclassified_unclassified_7985f978b54830a5579dd070a9149eae",0,0,0,0,0,0,0,12,0,0,0,0,0,0,0,0,0,0,0,0,0,0,0,0
"439","Fungi_Ascomycota_Eurotiomycetes_Eurotiales_Aspergillaceae_Talaromyces_Talaromyces_rogersiae_1b1d7b5605d93aea2720d7960a4c4f65",0,0,0,0,0,0,0,0,0,0,0,0,0,0,0,0,0,0,0,2,0,0,0,0
"440","Fungi_Ascomycota_Dothideomycetes_Pleosporales_Pleosporaceae_Curvularia_Curvularia_siddiquii_4707eab6535750e463ddda6f6f1b1c6a",0,0,0,0,0,0,0,0,0,0,0,0,0,0,0,0,0,0,0,0,0,0,0,2
"441","Fungi_Ascomycota_Dothideomycetes_Pleosporales_Pleosporaceae_Alternaria_Alternaria_chlamydospora_6953c182d973b9fdcc06ff168eed9e83",0,0,0,0,0,0,0,0,0,0,0,0,0,0,0,0,0,0,0,0,0,8,0,0
"442","Fungi_unclassified_unclassified_unclassified_unclassified_unclassified_unclassified_276f1b430179646db5d091473738dc4a",0,0,0,10,0,0,0,0,0,0,0,0,0,0,0,0,0,0,0,0,0,0,0,0
"443","Fungi_unclassified_unclassified_unclassified_unclassified_unclassified_unclassified_1557719e0554f8616a66cb1d186f4d17",0,0,0,0,0,0,3,0,0,0,0,0,0,0,0,0,0,0,0,0,0,0,0,0
"444","Fungi_unclassified_unclassified_unclassified_unclassified_unclassified_unclassified_f8831fb381b56c1f5a410416da3da590",0,0,0,0,0,0,0,0,0,0,15,0,0,0,0,0,0,0,0,0,0,0,0,0
"445","Fungi_Glomeromycota_Glomeromycetes_Glomerales_Glomeraceae_unclassified_unclassified_c151d9baaf18468415cf4078988d1ec1",0,0,0,0,0,0,0,0,0,0,0,0,0,0,0,0,0,12,0,0,0,0,0,0
"446","Fungi_unclassified_unclassified_unclassified_unclassified_unclassified_unclassified_b120f4354c744594e8484998e586c2f7",0,0,6,0,0,0,0,0,0,0,0,0,0,0,0,0,0,0,0,0,0,0,0,0
"447","Fungi_Ascomycota_Dothideomycetes_Pleosporales_unclassified_unclassified_unclassified_2e04500c3771d455dfe61a65806b7980",0,0,0,0,0,0,0,0,0,0,0,0,0,0,0,0,0,0,3,0,0,0,0,0
"448","Fungi_unclassified_unclassified_unclassified_unclassified_unclassified_unclassified_7a93f1bd17b9f204bec643ca6e0adec8",0,0,0,0,0,0,0,0,0,0,0,0,0,0,9,0,0,0,0,0,0,0,0,0
"449","Fungi_Ascomycota_Sordariomycetes_Sordariales_Lasiosphaeriaceae_Schizothecium_unclassified_f585590c54356dfdd74e06c454d23c08",0,0,0,0,0,0,0,0,0,0,0,0,0,0,0,0,0,0,0,9,0,0,0,0
"450","Fungi_unclassified_unclassified_unclassified_unclassified_unclassified_unclassified_e5adad66de99a6a3d9b1364461153efd",6,0,0,0,0,0,0,0,0,0,0,0,0,0,0,0,0,0,0,0,0,0,0,0
"451","Fungi_Basidiomycota_Agaricomycetes_Agaricales_Psathyrellaceae_Coprinopsis_Coprinopsis_urticicola_ba7b4df22b45a7dd2483b3363f17b8da",0,7,0,0,0,0,0,0,0,0,0,0,0,0,0,0,0,0,0,0,0,0,0,0
"452","Fungi_Glomeromycota_Glomeromycetes_Glomerales_Glomeraceae_Glomeraceae_gen_Incertae_sedis_Glomeraceae_sp_fa8e6c5c1fc81b41e47cf82a00208635",0,0,0,1,0,0,0,0,0,0,0,0,0,0,0,0,0,0,0,0,0,0,0,0
"453","Fungi_Calcarisporiellomycota_Calcarisporiellomycetes_Calcarisporiellales_Calcarisporiellaceae_Calcarisporiella_Calcarisporiella_thermophila_d96803b1c61979c2c417d539b544face",0,0,0,0,0,0,0,0,0,0,0,3,0,0,0,0,0,0,0,0,0,0,0,0
"454","Fungi_Glomeromycota_Glomeromycetes_Glomerales_Glomeraceae_unclassified_unclassified_39822c5faeadea862fb4f66aa1ffdcf3",0,0,0,0,0,0,0,0,0,0,0,0,0,0,0,0,8,0,0,0,0,0,0,0
"455","Fungi_Ascomycota_Sordariomycetes_Microascales_Microascaceae_Canariomyces_Canariomyces_arenarius_9c0143a25f7ef3dc32e4c2ca25631d7e",0,0,0,0,0,0,0,0,0,0,0,0,0,0,0,0,0,0,0,0,0,0,9,0
"456","Fungi_Ascomycota_Sordariomycetes_Sordariales_Podosporaceae_Podospora_Podospora_sp_e4a387d2ee691186981e709379a793b2",0,3,0,0,0,0,0,0,0,0,0,0,0,0,0,0,0,0,0,0,0,0,0,0
"457","Fungi_unclassified_unclassified_unclassified_unclassified_unclassified_unclassified_fe7f2fa962f8432f26906f9d895b3357",0,0,0,0,0,0,0,0,5,0,0,0,0,0,0,0,0,0,0,0,0,0,0,0
"458","Fungi_Ascomycota_Eurotiomycetes_Eurotiales_Aspergillaceae_Aspergillus_unclassified_eeb6af09a10ea25f16902ec3baaf3ec3",0,0,0,0,0,0,0,0,0,6,0,0,0,0,0,0,0,0,0,0,0,0,0,0
"459","Fungi_Ascomycota_Dothideomycetes_Pleosporales_Didymellaceae_Didymellaceae_gen_Incertae_sedis_Didymellaceae_sp_932f8a2fad6615037ab4a8c24f153f3e",0,0,0,0,0,0,0,0,0,5,0,0,0,0,0,0,0,0,0,0,0,0,0,0
"460","Fungi_Mortierellomycota_Mortierellomycetes_Mortierellales_Mortierellaceae_Mortierella_Mortierella_wolfii_98412ac6cbfe2ddf2b9f8bbaf964a27a",0,0,0,0,0,0,0,0,0,0,0,0,0,0,0,3,0,0,0,0,0,0,0,0
"461","Fungi_unclassified_unclassified_unclassified_unclassified_unclassified_unclassified_e4387c747ef2ecf718ae7c03ccd00da1",0,0,0,0,0,0,0,0,0,0,0,0,0,0,0,0,0,0,4,0,0,0,0,0
"462","Fungi_Ascomycota_Eurotiomycetes_Eurotiales_Aspergillaceae_Talaromyces_unclassified_2cc21fdfd16f79cc687d199ff74b532f",0,0,0,0,0,0,0,0,0,0,0,0,0,0,0,0,0,0,0,0,0,0,0,4
"463","Fungi_Ascomycota_Dothideomycetes_Pleosporales_Sporormiaceae_Preussia_Preussia_globosa_705fcf569db46999fe77686a8d3e5205",0,0,0,0,0,0,0,0,0,0,0,0,0,0,0,0,0,0,0,0,0,0,0,2
"464","Fungi_unclassified_unclassified_unclassified_unclassified_unclassified_unclassified_ec635fe04fa8fcadeb935fbff9af3229",0,0,0,0,6,0,0,0,0,0,0,0,0,0,0,0,0,0,0,0,0,0,0,0
"465","Fungi_unclassified_unclassified_unclassified_unclassified_unclassified_unclassified_867d7223a79091afa33e26182e7b6c7b",0,0,0,0,0,0,0,4,0,0,0,0,0,0,0,0,0,0,0,0,0,0,0,0
"466","Fungi_Mortierellomycota_Mortierellomycetes_Mortierellales_Mortierellaceae_Mortierella_unclassified_79ca440ca97419a415b81cd3506f0667",0,0,0,0,0,0,0,0,0,0,0,5,0,0,0,0,0,0,0,0,0,0,0,0
"467","Fungi_Ascomycota_Pezizomycetes_Pezizales_Ascodesmidaceae_Cephaliophora_Cephaliophora_sp_b2a82e9aa0235c90eb9227c254cf38a3",0,0,0,0,0,0,0,0,0,0,0,3,0,0,0,0,0,0,0,0,0,0,0,0
"468","Fungi_Basidiomycota_Agaricomycetes_Agaricales_Entolomataceae_Entoloma_Entoloma_incarnatofuscescens_120c0b56bdbda63ea2047321b35a5b85",0,0,0,0,0,0,0,0,0,0,0,0,3,0,0,0,0,0,0,0,0,0,0,0
"469","Fungi_Blastocladiomycota_Blastocladiomycota_cls_Incertae_sedis_Blastocladiomycota_ord_Incertae_sedis_Blastocladiomycota_fam_Incertae_sedis_Blastocladiomycota_gen_Incertae_sedis_Blastocladiomycota_sp_583165f9f2aa3d0f9295382eb1f19d60",0,0,0,0,0,0,0,0,0,0,0,0,0,0,0,3,0,0,0,0,0,0,0,0
"470","Fungi_Ascomycota_Sordariomycetes_Sordariales_Lasiosphaeriaceae_Zygopleurage_Zygopleurage_sp_5cfb01357080561e2f7d6120cee16f7c",0,0,0,0,0,0,0,0,0,0,0,0,0,0,0,0,5,0,0,0,0,0,0,0
"471","Fungi_Ascomycota_Sordariomycetes_Glomerellales_Plectosphaerellaceae_Lectera_Lectera_colletotrichoides_65444b0c6ae6fd37475e0356b0c269c1",0,0,0,0,0,0,0,0,0,0,0,0,0,0,0,0,0,0,0,0,4,0,0,0
"472","Fungi_Glomeromycota_Paraglomeromycetes_GS24_GS24_fam_Incertae_sedis_GS24_gen_Incertae_sedis_GS24_sp_602fd0f6bcb6362e1ca8a11d3d1fb674",0,2,0,0,0,0,0,0,0,0,0,0,0,0,0,0,0,0,0,0,0,0,0,0
"473","Fungi_unclassified_unclassified_unclassified_unclassified_unclassified_unclassified_4a3b247ba47f8bf724a5d7192f4dac17",0,0,0,2,0,0,0,0,0,0,0,0,0,0,0,0,0,0,0,0,0,0,0,0
"474","Fungi_unclassified_unclassified_unclassified_unclassified_unclassified_unclassified_7defccbebd019d9ab9b4dd33e0464efd",0,0,0,0,5,0,0,0,0,0,0,0,0,0,0,0,0,0,0,0,0,0,0,0
"475","Fungi_Ascomycota_Sordariomycetes_Sordariales_Chaetomiaceae_unclassified_unclassified_93310b735a427c038a50ec7d8f5b62ea",0,0,0,0,0,4,0,0,0,0,0,0,0,0,0,0,0,0,0,0,0,0,0,0
"476","Fungi_Ascomycota_Dothideomycetes_Pleosporales_Didymosphaeriaceae_Montagnula_Montagnula_opulenta_13d4965e8c456d9eec654295b5b10eaa",0,0,0,0,0,0,0,0,0,0,0,0,3,0,0,0,0,0,0,0,0,0,0,0
"477","Fungi_Basidiomycota_Tremellomycetes_Filobasidiales_Filobasidiaceae_Naganishia_Naganishia_globosa_686118907d892ddeb2d8a5eda1ff8f1e",0,0,0,0,0,0,0,0,0,0,0,0,0,0,0,0,0,0,0,5,0,0,0,0
"478","Fungi_Ascomycota_Dothideomycetes_Pleosporales_Didymosphaeriaceae_Pseudopithomyces_Pseudopithomyces_rosae_daf12894f903d05c357883ccb070f535",0,0,0,0,0,0,0,0,0,0,0,0,0,0,0,0,0,0,0,0,8,0,0,0
"479","Fungi_Glomeromycota_Glomeromycetes_Glomerales_Glomeraceae_Funneliformis_Funneliformis_mosseae_eb27007eb0149912e80bb103cc300c7e",0,0,0,0,0,0,0,0,0,0,0,0,0,0,0,0,0,0,0,0,0,8,0,0
"480","Fungi_Ascomycota_Dothideomycetes_Pleosporales_Zopfiaceae_Didymocrea_Didymocrea_leucaenae_84ea7757e260954b5196ca82df62a1f1",5,0,0,0,0,0,0,0,0,0,0,0,0,0,0,0,0,0,0,0,0,0,0,0
"481","Fungi_unclassified_unclassified_unclassified_unclassified_unclassified_unclassified_998a220fda0bcf84046b2e80bbfca702",1,0,0,0,0,0,0,0,0,0,0,0,0,0,0,0,0,0,0,0,0,0,0,0
"482","Fungi_Mortierellomycota_Mortierellomycetes_Mortierellales_Mortierellaceae_Mortierellaceae_gen_Incertae_sedis_Mortierellaceae_sp_7e4fb35b2e82ac25da45607486d33aea",0,0,0,0,0,0,0,6,0,0,0,0,0,0,0,0,0,0,0,0,0,0,0,0
"483","Fungi_unclassified_unclassified_unclassified_unclassified_unclassified_unclassified_c07bf0ec4310e530ad3db7dc5eae694d",0,0,0,0,0,0,0,0,2,0,0,0,0,0,0,0,0,0,0,0,0,0,0,0
"484","Fungi_Ascomycota_Pezizomycetes_Pezizales_Pyronemataceae_Lasiobolidium_Lasiobolidium_spirale_965909ace901dbd4268eeb02a7e77e4a",0,0,0,0,0,0,0,0,0,0,0,4,0,0,0,0,0,0,0,0,0,0,0,0
"485","Fungi_Ascomycota_Pezizomycetes_Pezizales_Pyronemataceae_Scutellinia_Scutellinia_scutellata_3f1c6552100b18c9a69dd13d91a4627f",0,0,0,0,0,0,0,0,0,0,0,0,5,0,0,0,0,0,0,0,0,0,0,0
"486","Fungi_unclassified_unclassified_unclassified_unclassified_unclassified_unclassified_65917229bc8e2b98040ce45f53f12d80",0,0,0,0,0,0,0,0,0,0,0,0,0,5,0,0,0,0,0,0,0,0,0,0
"487","Fungi_Ascomycota_Dothideomycetes_Pleosporales_Sporormiaceae_Westerdykella_Westerdykella_ornata_020cb4526267d1fdba805dbd59958a4e",0,0,0,0,0,0,0,0,0,0,0,0,0,0,0,0,7,0,0,0,0,0,0,0
"488","Fungi_Ascomycota_Pezizomycetes_Pezizales_Pulvinulaceae_Pulvinulaceae_gen_Incertae_sedis_Pulvinulaceae_sp_c6d88a407b245b8497d061fba2988e48",0,0,0,0,0,0,0,0,0,0,0,0,0,0,0,0,0,2,0,0,0,0,0,0
"489","Fungi_unclassified_unclassified_unclassified_unclassified_unclassified_unclassified_57fc525ca6b775a2428add3a631a0324",0,0,0,0,0,0,0,0,0,0,0,0,0,0,0,0,0,0,0,2,0,0,0,0
"490","Fungi_Basidiomycota_Agaricomycetes_Agaricales_Entolomataceae_Entoloma_Entoloma_incarnatofuscescens_49e2ac2180e6387fe27bfd1f63a1f5b6",0,0,0,0,0,0,0,0,0,0,0,0,0,0,0,0,0,0,0,0,0,4,0,0
